table,column,dataset_id,semanticType,predicted_semantic_type
CityMaxCapita_1,column_1,CityMaxCapita_1+column_1,state,None
CityMaxCapita_1,column_10,CityMaxCapita_1+column_10,gender,None
CityMaxCapita_1,column_22,CityMaxCapita_1+column_22,country,None
CityMaxCapita_1,column_29,CityMaxCapita_1+column_29,name,None
CityMaxCapita_1,column_30,CityMaxCapita_1+column_30,name,None
CMSprovider_1,column_5,CMSprovider_1+column_5,code,None
CMSprovider_1,column_6,CMSprovider_1+column_6,description,None
CMSprovider_1,column_12,CMSprovider_1+column_12,code,None
CMSprovider_1,column_13,CMSprovider_1+column_13,city,None
CMSprovider_1,column_14,CMSprovider_1+column_14,country,None
CMSprovider_1,column_15,CMSprovider_1+column_15,gender,None
CMSprovider_1,column_16,CMSprovider_1+column_16,state,None
CMSprovider_1,column_17,CMSprovider_1+column_17,address,None
CMSprovider_1,column_18,CMSprovider_1+column_18,address,None
CMSprovider_2,column_5,CMSprovider_2+column_5,code,None
CMSprovider_2,column_6,CMSprovider_2+column_6,description,None
CMSprovider_2,column_12,CMSprovider_2+column_12,code,None
CMSprovider_2,column_13,CMSprovider_2+column_13,city,None
CMSprovider_2,column_14,CMSprovider_2+column_14,country,None
CMSprovider_2,column_15,CMSprovider_2+column_15,gender,None
CMSprovider_2,column_16,CMSprovider_2+column_16,state,None
CMSprovider_2,column_17,CMSprovider_2+column_17,address,None
CMSprovider_2,column_21,CMSprovider_2+column_21,service,None
CMSprovider_2,column_22,CMSprovider_2+column_22,type,None
CommonGovernment_1,column_4,CommonGovernment_1+column_4,code,None
CommonGovernment_1,column_7,CommonGovernment_1+column_7,code,None
CommonGovernment_1,column_8,CommonGovernment_1+column_8,type,None
CommonGovernment_1,column_11,CommonGovernment_1+column_11,code,None
CommonGovernment_1,column_12,CommonGovernment_1+column_12,name,None
CommonGovernment_1,column_13,CommonGovernment_1+column_13,type,None
CommonGovernment_1,column_14,CommonGovernment_1+column_14,name,None
CommonGovernment_1,column_15,CommonGovernment_1+column_15,state,None
CommonGovernment_1,column_16,CommonGovernment_1+column_16,code,None
CommonGovernment_1,column_28,CommonGovernment_1+column_28,name,name
CommonGovernment_1,column_32,CommonGovernment_1+column_32,category,None
CommonGovernment_1,column_33,CommonGovernment_1+column_33,category,None
CommonGovernment_1,column_34,CommonGovernment_1+column_34,code,None
CommonGovernment_1,column_35,CommonGovernment_1+column_35,name,None
CommonGovernment_1,column_42,CommonGovernment_1+column_42,description,None
CommonGovernment_1,column_49,CommonGovernment_1+column_49,name,None
CommonGovernment_1,column_53,CommonGovernment_1+column_53,name,None
CommonGovernment_1,column_55,CommonGovernment_1+column_55,year,None
CommonGovernment_10,column_3,CommonGovernment_10+column_3,name,name
CommonGovernment_10,column_4,CommonGovernment_10+column_4,code,None
CommonGovernment_10,column_8,CommonGovernment_10+column_8,type,None
CommonGovernment_10,column_11,CommonGovernment_10+column_11,code,None
CommonGovernment_10,column_13,CommonGovernment_10+column_13,type,None
CommonGovernment_10,column_14,CommonGovernment_10+column_14,name,None
CommonGovernment_10,column_15,CommonGovernment_10+column_15,state,None
CommonGovernment_10,column_22,CommonGovernment_10+column_22,description,name
CommonGovernment_10,column_28,CommonGovernment_10+column_28,name,name
CommonGovernment_10,column_32,CommonGovernment_10+column_32,category,None
CommonGovernment_10,column_35,CommonGovernment_10+column_35,name,None
CommonGovernment_10,column_41,CommonGovernment_10+column_41,code,None
CommonGovernment_10,column_42,CommonGovernment_10+column_42,description,None
CommonGovernment_10,column_43,CommonGovernment_10+column_43,code,None
CommonGovernment_10,column_44,CommonGovernment_10+column_44,description,None
CommonGovernment_10,column_49,CommonGovernment_10+column_49,name,None
CommonGovernment_10,column_53,CommonGovernment_10+column_53,name,None
CommonGovernment_10,column_55,CommonGovernment_10+column_55,year,None
CommonGovernment_11,column_3,CommonGovernment_11+column_3,name,name
CommonGovernment_11,column_4,CommonGovernment_11+column_4,code,None
CommonGovernment_11,column_7,CommonGovernment_11+column_7,code,None
CommonGovernment_11,column_8,CommonGovernment_11+column_8,type,None
CommonGovernment_11,column_11,CommonGovernment_11+column_11,code,None
CommonGovernment_11,column_15,CommonGovernment_11+column_15,state,None
CommonGovernment_11,column_16,CommonGovernment_11+column_16,code,None
CommonGovernment_11,column_22,CommonGovernment_11+column_22,description,name
CommonGovernment_11,column_28,CommonGovernment_11+column_28,name,name
CommonGovernment_11,column_32,CommonGovernment_11+column_32,category,None
CommonGovernment_11,column_33,CommonGovernment_11+column_33,category,None
CommonGovernment_11,column_34,CommonGovernment_11+column_34,code,None
CommonGovernment_11,column_35,CommonGovernment_11+column_35,name,None
CommonGovernment_11,column_41,CommonGovernment_11+column_41,code,None
CommonGovernment_11,column_42,CommonGovernment_11+column_42,description,None
CommonGovernment_11,column_43,CommonGovernment_11+column_43,code,None
CommonGovernment_11,column_49,CommonGovernment_11+column_49,name,None
CommonGovernment_11,column_53,CommonGovernment_11+column_53,name,None
CommonGovernment_11,column_55,CommonGovernment_11+column_55,year,None
CommonGovernment_12,column_4,CommonGovernment_12+column_4,code,None
CommonGovernment_12,column_6,CommonGovernment_12+column_6,type,None
CommonGovernment_12,column_7,CommonGovernment_12+column_7,code,None
CommonGovernment_12,column_11,CommonGovernment_12+column_11,code,None
CommonGovernment_12,column_12,CommonGovernment_12+column_12,name,None
CommonGovernment_12,column_13,CommonGovernment_12+column_13,type,None
CommonGovernment_12,column_14,CommonGovernment_12+column_14,name,None
CommonGovernment_12,column_16,CommonGovernment_12+column_16,code,None
CommonGovernment_12,column_22,CommonGovernment_12+column_22,description,name
CommonGovernment_12,column_28,CommonGovernment_12+column_28,name,name
CommonGovernment_12,column_32,CommonGovernment_12+column_32,category,None
CommonGovernment_12,column_34,CommonGovernment_12+column_34,code,None
CommonGovernment_12,column_41,CommonGovernment_12+column_41,code,None
CommonGovernment_12,column_43,CommonGovernment_12+column_43,code,None
CommonGovernment_12,column_49,CommonGovernment_12+column_49,name,None
CommonGovernment_12,column_53,CommonGovernment_12+column_53,name,None
CommonGovernment_13,column_3,CommonGovernment_13+column_3,name,name
CommonGovernment_13,column_4,CommonGovernment_13+column_4,code,None
CommonGovernment_13,column_6,CommonGovernment_13+column_6,type,None
CommonGovernment_13,column_7,CommonGovernment_13+column_7,code,None
CommonGovernment_13,column_11,CommonGovernment_13+column_11,code,None
CommonGovernment_13,column_12,CommonGovernment_13+column_12,name,None
CommonGovernment_13,column_13,CommonGovernment_13+column_13,type,None
CommonGovernment_13,column_14,CommonGovernment_13+column_14,name,None
CommonGovernment_13,column_15,CommonGovernment_13+column_15,state,None
CommonGovernment_13,column_28,CommonGovernment_13+column_28,name,name
CommonGovernment_13,column_33,CommonGovernment_13+column_33,category,None
CommonGovernment_13,column_34,CommonGovernment_13+column_34,code,None
CommonGovernment_13,column_35,CommonGovernment_13+column_35,name,None
CommonGovernment_13,column_42,CommonGovernment_13+column_42,description,None
CommonGovernment_13,column_43,CommonGovernment_13+column_43,code,None
CommonGovernment_13,column_44,CommonGovernment_13+column_44,description,None
CommonGovernment_13,column_53,CommonGovernment_13+column_53,name,None
CommonGovernment_2,column_3,CommonGovernment_2+column_3,name,name
CommonGovernment_2,column_4,CommonGovernment_2+column_4,code,None
CommonGovernment_2,column_6,CommonGovernment_2+column_6,type,None
CommonGovernment_2,column_7,CommonGovernment_2+column_7,code,None
CommonGovernment_2,column_8,CommonGovernment_2+column_8,type,None
CommonGovernment_2,column_11,CommonGovernment_2+column_11,code,None
CommonGovernment_2,column_13,CommonGovernment_2+column_13,type,None
CommonGovernment_2,column_14,CommonGovernment_2+column_14,name,None
CommonGovernment_2,column_16,CommonGovernment_2+column_16,code,None
CommonGovernment_2,column_22,CommonGovernment_2+column_22,description,name
CommonGovernment_2,column_28,CommonGovernment_2+column_28,name,name
CommonGovernment_2,column_32,CommonGovernment_2+column_32,category,None
CommonGovernment_2,column_33,CommonGovernment_2+column_33,category,None
CommonGovernment_2,column_35,CommonGovernment_2+column_35,name,None
CommonGovernment_2,column_41,CommonGovernment_2+column_41,code,None
CommonGovernment_2,column_42,CommonGovernment_2+column_42,description,None
CommonGovernment_2,column_44,CommonGovernment_2+column_44,description,None
CommonGovernment_2,column_49,CommonGovernment_2+column_49,name,None
CommonGovernment_2,column_53,CommonGovernment_2+column_53,name,None
CommonGovernment_2,column_55,CommonGovernment_2+column_55,year,None
CommonGovernment_3,column_3,CommonGovernment_3+column_3,name,name
CommonGovernment_3,column_4,CommonGovernment_3+column_4,code,None
CommonGovernment_3,column_6,CommonGovernment_3+column_6,type,None
CommonGovernment_3,column_7,CommonGovernment_3+column_7,code,None
CommonGovernment_3,column_8,CommonGovernment_3+column_8,type,None
CommonGovernment_3,column_12,CommonGovernment_3+column_12,name,None
CommonGovernment_3,column_13,CommonGovernment_3+column_13,type,None
CommonGovernment_3,column_14,CommonGovernment_3+column_14,name,None
CommonGovernment_3,column_15,CommonGovernment_3+column_15,state,None
CommonGovernment_3,column_16,CommonGovernment_3+column_16,code,None
CommonGovernment_3,column_33,CommonGovernment_3+column_33,category,None
CommonGovernment_3,column_34,CommonGovernment_3+column_34,code,None
CommonGovernment_3,column_35,CommonGovernment_3+column_35,name,None
CommonGovernment_3,column_41,CommonGovernment_3+column_41,code,None
CommonGovernment_3,column_44,CommonGovernment_3+column_44,description,None
CommonGovernment_3,column_49,CommonGovernment_3+column_49,name,None
CommonGovernment_4,column_4,CommonGovernment_4+column_4,code,None
CommonGovernment_4,column_6,CommonGovernment_4+column_6,type,None
CommonGovernment_4,column_7,CommonGovernment_4+column_7,code,None
CommonGovernment_4,column_8,CommonGovernment_4+column_8,type,None
CommonGovernment_4,column_12,CommonGovernment_4+column_12,name,None
CommonGovernment_4,column_13,CommonGovernment_4+column_13,type,None
CommonGovernment_4,column_14,CommonGovernment_4+column_14,name,None
CommonGovernment_4,column_15,CommonGovernment_4+column_15,state,None
CommonGovernment_4,column_16,CommonGovernment_4+column_16,code,None
CommonGovernment_4,column_22,CommonGovernment_4+column_22,description,name
CommonGovernment_4,column_32,CommonGovernment_4+column_32,category,None
CommonGovernment_4,column_33,CommonGovernment_4+column_33,category,None
CommonGovernment_4,column_34,CommonGovernment_4+column_34,code,None
CommonGovernment_4,column_35,CommonGovernment_4+column_35,name,None
CommonGovernment_4,column_42,CommonGovernment_4+column_42,description,None
CommonGovernment_4,column_43,CommonGovernment_4+column_43,code,None
CommonGovernment_4,column_44,CommonGovernment_4+column_44,description,None
CommonGovernment_4,column_49,CommonGovernment_4+column_49,name,None
CommonGovernment_4,column_55,CommonGovernment_4+column_55,year,None
CommonGovernment_5,column_3,CommonGovernment_5+column_3,name,name
CommonGovernment_5,column_4,CommonGovernment_5+column_4,code,None
CommonGovernment_5,column_6,CommonGovernment_5+column_6,type,None
CommonGovernment_5,column_7,CommonGovernment_5+column_7,code,None
CommonGovernment_5,column_8,CommonGovernment_5+column_8,type,None
CommonGovernment_5,column_11,CommonGovernment_5+column_11,code,None
CommonGovernment_5,column_13,CommonGovernment_5+column_13,type,None
CommonGovernment_5,column_14,CommonGovernment_5+column_14,name,None
CommonGovernment_5,column_16,CommonGovernment_5+column_16,code,None
CommonGovernment_5,column_22,CommonGovernment_5+column_22,description,name
CommonGovernment_5,column_28,CommonGovernment_5+column_28,name,name
CommonGovernment_5,column_32,CommonGovernment_5+column_32,category,None
CommonGovernment_5,column_33,CommonGovernment_5+column_33,category,None
CommonGovernment_5,column_34,CommonGovernment_5+column_34,code,None
CommonGovernment_5,column_41,CommonGovernment_5+column_41,code,None
CommonGovernment_5,column_42,CommonGovernment_5+column_42,description,None
CommonGovernment_5,column_43,CommonGovernment_5+column_43,code,None
CommonGovernment_5,column_49,CommonGovernment_5+column_49,name,None
CommonGovernment_5,column_53,CommonGovernment_5+column_53,name,None
CommonGovernment_5,column_55,CommonGovernment_5+column_55,year,None
CommonGovernment_6,column_7,CommonGovernment_6+column_7,code,None
CommonGovernment_6,column_8,CommonGovernment_6+column_8,type,None
CommonGovernment_6,column_11,CommonGovernment_6+column_11,code,None
CommonGovernment_6,column_12,CommonGovernment_6+column_12,name,None
CommonGovernment_6,column_13,CommonGovernment_6+column_13,type,None
CommonGovernment_6,column_14,CommonGovernment_6+column_14,name,None
CommonGovernment_6,column_15,CommonGovernment_6+column_15,state,None
CommonGovernment_6,column_16,CommonGovernment_6+column_16,code,None
CommonGovernment_6,column_22,CommonGovernment_6+column_22,description,name
CommonGovernment_6,column_28,CommonGovernment_6+column_28,name,name
CommonGovernment_6,column_32,CommonGovernment_6+column_32,category,None
CommonGovernment_6,column_33,CommonGovernment_6+column_33,category,None
CommonGovernment_6,column_34,CommonGovernment_6+column_34,code,None
CommonGovernment_6,column_42,CommonGovernment_6+column_42,description,None
CommonGovernment_6,column_43,CommonGovernment_6+column_43,code,None
CommonGovernment_6,column_44,CommonGovernment_6+column_44,description,None
CommonGovernment_6,column_55,CommonGovernment_6+column_55,year,None
CommonGovernment_7,column_3,CommonGovernment_7+column_3,name,name
CommonGovernment_7,column_4,CommonGovernment_7+column_4,code,None
CommonGovernment_7,column_6,CommonGovernment_7+column_6,type,None
CommonGovernment_7,column_7,CommonGovernment_7+column_7,code,None
CommonGovernment_7,column_8,CommonGovernment_7+column_8,type,None
CommonGovernment_7,column_11,CommonGovernment_7+column_11,code,None
CommonGovernment_7,column_12,CommonGovernment_7+column_12,name,None
CommonGovernment_7,column_13,CommonGovernment_7+column_13,type,None
CommonGovernment_7,column_14,CommonGovernment_7+column_14,name,None
CommonGovernment_7,column_15,CommonGovernment_7+column_15,state,None
CommonGovernment_7,column_16,CommonGovernment_7+column_16,code,None
CommonGovernment_7,column_22,CommonGovernment_7+column_22,description,name
CommonGovernment_7,column_28,CommonGovernment_7+column_28,name,name
CommonGovernment_7,column_32,CommonGovernment_7+column_32,category,None
CommonGovernment_7,column_33,CommonGovernment_7+column_33,category,None
CommonGovernment_7,column_34,CommonGovernment_7+column_34,code,None
CommonGovernment_7,column_42,CommonGovernment_7+column_42,description,None
CommonGovernment_7,column_44,CommonGovernment_7+column_44,description,None
CommonGovernment_7,column_49,CommonGovernment_7+column_49,name,None
CommonGovernment_7,column_55,CommonGovernment_7+column_55,year,None
CommonGovernment_8,column_3,CommonGovernment_8+column_3,name,name
CommonGovernment_8,column_4,CommonGovernment_8+column_4,code,None
CommonGovernment_8,column_6,CommonGovernment_8+column_6,type,None
CommonGovernment_8,column_7,CommonGovernment_8+column_7,code,None
CommonGovernment_8,column_8,CommonGovernment_8+column_8,type,None
CommonGovernment_8,column_11,CommonGovernment_8+column_11,code,None
CommonGovernment_8,column_13,CommonGovernment_8+column_13,type,None
CommonGovernment_8,column_16,CommonGovernment_8+column_16,code,None
CommonGovernment_8,column_22,CommonGovernment_8+column_22,description,name
CommonGovernment_8,column_28,CommonGovernment_8+column_28,name,name
CommonGovernment_8,column_32,CommonGovernment_8+column_32,category,None
CommonGovernment_8,column_33,CommonGovernment_8+column_33,category,None
CommonGovernment_8,column_34,CommonGovernment_8+column_34,code,None
CommonGovernment_8,column_35,CommonGovernment_8+column_35,name,None
CommonGovernment_8,column_42,CommonGovernment_8+column_42,description,None
CommonGovernment_8,column_43,CommonGovernment_8+column_43,code,None
CommonGovernment_8,column_44,CommonGovernment_8+column_44,description,None
CommonGovernment_9,column_3,CommonGovernment_9+column_3,name,name
CommonGovernment_9,column_4,CommonGovernment_9+column_4,code,None
CommonGovernment_9,column_6,CommonGovernment_9+column_6,type,None
CommonGovernment_9,column_7,CommonGovernment_9+column_7,code,None
CommonGovernment_9,column_8,CommonGovernment_9+column_8,type,None
CommonGovernment_9,column_12,CommonGovernment_9+column_12,name,None
CommonGovernment_9,column_13,CommonGovernment_9+column_13,type,None
CommonGovernment_9,column_16,CommonGovernment_9+column_16,code,None
CommonGovernment_9,column_22,CommonGovernment_9+column_22,description,name
CommonGovernment_9,column_28,CommonGovernment_9+column_28,name,name
CommonGovernment_9,column_33,CommonGovernment_9+column_33,category,None
CommonGovernment_9,column_34,CommonGovernment_9+column_34,code,None
CommonGovernment_9,column_41,CommonGovernment_9+column_41,code,None
CommonGovernment_9,column_42,CommonGovernment_9+column_42,description,None
CommonGovernment_9,column_43,CommonGovernment_9+column_43,code,None
CommonGovernment_9,column_44,CommonGovernment_9+column_44,description,None
CommonGovernment_9,column_49,CommonGovernment_9+column_49,name,None
CommonGovernment_9,column_53,CommonGovernment_9+column_53,name,None
CommonGovernment_9,column_55,CommonGovernment_9+column_55,year,None
Corporations_1,column_6,Corporations_1+column_6,country,None
Corporations_1,column_16,Corporations_1+column_16,location,None
Corporations_1,column_17,Corporations_1+column_17,description,None
Corporations_1,column_18,Corporations_1+column_18,name,None
Euro2016_1,column_2,Euro2016_1+column_2,language,None
HashTags_1,column_6,HashTags_1+column_6,name,None
HashTags_1,column_20,HashTags_1+column_20,type,None
HashTags_1,column_32,HashTags_1+column_32,language,None
HashTags_1,column_37,HashTags_1+column_37,country,None
HashTags_1,column_42,HashTags_1+column_42,type,None
HashTags_1,column_48,HashTags_1+column_48,description,None
HashTags_1,column_55,HashTags_1+column_55,language,None
HashTags_1,column_57,HashTags_1+column_57,location,None
HashTags_1,column_58,HashTags_1+column_58,name,None
HashTags_1,column_62,HashTags_1+column_62,status,None
Hatred_1,column_0,Hatred_1+column_0,city,None
Hatred_1,column_10,Hatred_1+column_10,gender,None
Hatred_1,column_15,Hatred_1+column_15,language,None
Hatred_1,column_18,Hatred_1+column_18,type,None
Hatred_1,column_22,Hatred_1+column_22,region,None
Hatred_1,column_23,Hatred_1+column_23,location,None
Hatred_1,column_29,Hatred_1+column_29,name,None
IGlocations1_1,column_4,IGlocations1_1+column_4,code,None
IGlocations1_1,column_16,IGlocations1_1+column_16,code,None
IGlocations1_1,column_17,IGlocations1_1+column_17,state,None
IGlocations2_1,column_2,IGlocations2_1+column_2,city,None
IGlocations2_1,column_3,IGlocations2_1+column_3,country,None
IGlocations2_1,column_10,IGlocations2_1+column_10,type,None
IGlocations2_1,column_12,IGlocations2_1+column_12,state,None
IGlocations2_1,column_14,IGlocations2_1+column_14,name,None
IGlocations2_2,column_2,IGlocations2_2+column_2,city,None
IGlocations2_2,column_3,IGlocations2_2+column_3,country,None
IGlocations2_2,column_10,IGlocations2_2+column_10,type,None
IGlocations2_2,column_12,IGlocations2_2+column_12,state,None
IGlocations2_2,column_13,IGlocations2_2+column_13,state,None
IGlocations2_2,column_14,IGlocations2_2+column_14,name,None
IUBLibrary_1,column_0,IUBLibrary_1+column_0,name,None
IUBLibrary_1,column_4,IUBLibrary_1+column_4,class,None
IUBLibrary_1,column_8,IUBLibrary_1+column_8,format,None
IUBLibrary_1,column_12,IUBLibrary_1+column_12,language,None
IUBLibrary_1,column_17,IUBLibrary_1+column_17,year,None
IUBLibrary_1,column_23,IUBLibrary_1+column_23,type,None
Medicare1_1,column_7,Medicare1_1+column_7,description,None
Medicare1_1,column_8,Medicare1_1+column_8,name,None
Medicare1_1,column_10,Medicare1_1+column_10,name,None
Medicare1_1,column_13,Medicare1_1+column_13,name,None
Medicare1_1,column_14,Medicare1_1+column_14,name,None
Medicare1_1,column_15,Medicare1_1+column_15,state,None
Medicare1_1,column_20,Medicare1_1+column_20,day,None
Medicare1_1,column_25,Medicare1_1+column_25,day,None
Medicare1_2,column_7,Medicare1_2+column_7,description,None
Medicare1_2,column_8,Medicare1_2+column_8,name,None
Medicare1_2,column_10,Medicare1_2+column_10,name,None
Medicare1_2,column_12,Medicare1_2+column_12,city,None
Medicare1_2,column_13,Medicare1_2+column_13,name,None
Medicare1_2,column_14,Medicare1_2+column_14,name,None
Medicare1_2,column_15,Medicare1_2+column_15,state,None
Medicare1_2,column_17,Medicare1_2+column_17,description,None
Medicare1_2,column_20,Medicare1_2+column_20,day,None
Medicare1_2,column_25,Medicare1_2+column_25,day,None
Medicare2_1,column_12,Medicare2_1+column_12,code,None
Medicare2_1,column_13,Medicare2_1+column_13,city,None
Medicare2_1,column_14,Medicare2_1+column_14,country,None
Medicare2_1,column_16,Medicare2_1+column_16,gender,None
Medicare2_1,column_17,Medicare2_1+column_17,organisation,None
Medicare2_1,column_19,Medicare2_1+column_19,state,None
Medicare2_1,column_20,Medicare2_1+column_20,address,None
Medicare2_1,column_24,Medicare2_1+column_24,type,None
Medicare2_2,column_6,Medicare2_2+column_6,code,None
Medicare2_2,column_7,Medicare2_2+column_7,description,None
Medicare2_2,column_12,Medicare2_2+column_12,code,None
Medicare2_2,column_13,Medicare2_2+column_13,city,None
Medicare2_2,column_14,Medicare2_2+column_14,country,None
Medicare2_2,column_15,Medicare2_2+column_15,name,None
Medicare2_2,column_16,Medicare2_2+column_16,gender,None
Medicare2_2,column_17,Medicare2_2+column_17,organisation,None
Medicare2_2,column_19,Medicare2_2+column_19,state,None
Medicare2_2,column_20,Medicare2_2+column_20,address,None
Medicare2_2,column_24,Medicare2_2+column_24,type,None
Medicare3_1,column_5,Medicare3_1+column_5,code,None
Medicare3_1,column_6,Medicare3_1+column_6,description,None
Medicare3_1,column_13,Medicare3_1+column_13,city,None
Medicare3_1,column_14,Medicare3_1+column_14,country,None
Medicare3_1,column_15,Medicare3_1+column_15,name,None
Medicare3_1,column_16,Medicare3_1+column_16,gender,None
Medicare3_1,column_17,Medicare3_1+column_17,name,None
Medicare3_1,column_19,Medicare3_1+column_19,state,None
Medicare3_1,column_20,Medicare3_1+column_20,address,None
MedPayment1_1,column_6,MedPayment1_1+column_6,code,None
MedPayment1_1,column_7,MedPayment1_1+column_7,description,None
MedPayment1_1,column_12,MedPayment1_1+column_12,code,None
MedPayment1_1,column_13,MedPayment1_1+column_13,city,None
MedPayment1_1,column_15,MedPayment1_1+column_15,name,None
MedPayment1_1,column_16,MedPayment1_1+column_16,gender,None
MedPayment1_1,column_19,MedPayment1_1+column_19,state,None
MedPayment1_1,column_20,MedPayment1_1+column_20,address,None
MedPayment1_1,column_24,MedPayment1_1+column_24,type,None
MedPayment2_1,column_6,MedPayment2_1+column_6,code,None
MedPayment2_1,column_7,MedPayment2_1+column_7,description,None
MedPayment2_1,column_12,MedPayment2_1+column_12,code,None
MedPayment2_1,column_13,MedPayment2_1+column_13,city,None
MedPayment2_1,column_15,MedPayment2_1+column_15,name,None
MedPayment2_1,column_16,MedPayment2_1+column_16,gender,None
MedPayment2_1,column_17,MedPayment2_1+column_17,organisation,None
MedPayment2_1,column_19,MedPayment2_1+column_19,state,None
MLB_1,column_33,MLB_1+column_33,name,None
MLB_1,column_37,MLB_1+column_37,team,None
MLB_1,column_40,MLB_1+column_40,teamName,None
MLB_10,column_27,MLB_10+column_27,name,None
MLB_10,column_29,MLB_10+column_29,team,None
MLB_10,column_32,MLB_10+column_32,teamName,None
MLB_10,column_37,MLB_10+column_37,year,None
MLB_11,column_27,MLB_11+column_27,name,None
MLB_11,column_29,MLB_11+column_29,team,None
MLB_11,column_32,MLB_11+column_32,teamName,None
MLB_12,column_37,MLB_12+column_37,team,None
MLB_12,column_40,MLB_12+column_40,teamName,None
MLB_12,column_45,MLB_12+column_45,year,None
MLB_13,column_33,MLB_13+column_33,name,None
MLB_13,column_37,MLB_13+column_37,team,None
MLB_13,column_40,MLB_13+column_40,teamName,None
MLB_13,column_45,MLB_13+column_45,year,None
MLB_14,column_33,MLB_14+column_33,name,None
MLB_14,column_40,MLB_14+column_40,teamName,None
MLB_14,column_45,MLB_14+column_45,year,None
MLB_15,column_52,MLB_15+column_52,name,None
MLB_15,column_56,MLB_15+column_56,team,None
MLB_15,column_57,MLB_15+column_57,teamName,None
MLB_15,column_58,MLB_15+column_58,team,None
MLB_15,column_60,MLB_15+column_60,teamName,None
MLB_15,column_65,MLB_15+column_65,year,None
MLB_16,column_52,MLB_16+column_52,name,None
MLB_16,column_56,MLB_16+column_56,team,None
MLB_16,column_57,MLB_16+column_57,teamName,None
MLB_16,column_58,MLB_16+column_58,team,None
MLB_16,column_60,MLB_16+column_60,teamName,None
MLB_16,column_65,MLB_16+column_65,year,None
MLB_17,column_52,MLB_17+column_52,name,None
MLB_17,column_56,MLB_17+column_56,team,None
MLB_17,column_57,MLB_17+column_57,teamName,None
MLB_17,column_58,MLB_17+column_58,team,None
MLB_17,column_60,MLB_17+column_60,teamName,None
MLB_18,column_52,MLB_18+column_52,name,None
MLB_18,column_56,MLB_18+column_56,team,None
MLB_18,column_57,MLB_18+column_57,teamName,None
MLB_18,column_58,MLB_18+column_58,team,None
MLB_18,column_60,MLB_18+column_60,teamName,None
MLB_18,column_65,MLB_18+column_65,year,None
MLB_19,column_47,MLB_19+column_47,name,None
MLB_19,column_50,MLB_19+column_50,team,None
MLB_19,column_52,MLB_19+column_52,teamName,None
MLB_19,column_58,MLB_19+column_58,year,None
MLB_2,column_1,MLB_2+column_1,description,None
MLB_2,column_2,MLB_2+column_2,team,None
MLB_2,column_4,MLB_2+column_4,type,None
MLB_2,column_5,MLB_2+column_5,name,None
MLB_2,column_6,MLB_2+column_6,day,None
MLB_2,column_9,MLB_2+column_9,team,None
MLB_2,column_22,MLB_2+column_22,year,None
MLB_20,column_47,MLB_20+column_47,name,None
MLB_20,column_50,MLB_20+column_50,team,None
MLB_20,column_52,MLB_20+column_52,teamName,None
MLB_20,column_58,MLB_20+column_58,year,None
MLB_21,column_47,MLB_21+column_47,name,None
MLB_21,column_50,MLB_21+column_50,team,None
MLB_21,column_52,MLB_21+column_52,teamName,None
MLB_22,column_47,MLB_22+column_47,name,None
MLB_22,column_51,MLB_22+column_51,team,None
MLB_22,column_53,MLB_22+column_53,teamName,None
MLB_23,column_47,MLB_23+column_47,name,None
MLB_23,column_53,MLB_23+column_53,teamName,None
MLB_23,column_58,MLB_23+column_58,year,None
MLB_24,column_47,MLB_24+column_47,name,None
MLB_24,column_51,MLB_24+column_51,team,None
MLB_24,column_53,MLB_24+column_53,teamName,None
MLB_24,column_58,MLB_24+column_58,year,None
MLB_25,column_47,MLB_25+column_47,name,None
MLB_25,column_50,MLB_25+column_50,team,None
MLB_25,column_53,MLB_25+column_53,teamName,None
MLB_26,column_47,MLB_26+column_47,name,None
MLB_26,column_50,MLB_26+column_50,team,None
MLB_26,column_53,MLB_26+column_53,teamName,None
MLB_26,column_58,MLB_26+column_58,year,None
MLB_27,column_50,MLB_27+column_50,team,None
MLB_27,column_52,MLB_27+column_52,state,None
MLB_27,column_58,MLB_27+column_58,year,None
MLB_28,column_47,MLB_28+column_47,name,None
MLB_28,column_50,MLB_28+column_50,team,None
MLB_28,column_53,MLB_28+column_53,teamName,None
MLB_28,column_58,MLB_28+column_58,year,None
MLB_29,column_47,MLB_29+column_47,name,None
MLB_29,column_50,MLB_29+column_50,team,None
MLB_29,column_52,MLB_29+column_52,state,None
MLB_29,column_53,MLB_29+column_53,teamName,None
MLB_3,column_1,MLB_3+column_1,description,None
MLB_3,column_2,MLB_3+column_2,team,None
MLB_3,column_4,MLB_3+column_4,type,None
MLB_3,column_5,MLB_3+column_5,name,None
MLB_3,column_6,MLB_3+column_6,day,None
MLB_3,column_9,MLB_3+column_9,team,None
MLB_3,column_22,MLB_3+column_22,year,None
MLB_30,column_47,MLB_30+column_47,name,None
MLB_30,column_50,MLB_30+column_50,team,None
MLB_30,column_52,MLB_30+column_52,state,None
MLB_30,column_58,MLB_30+column_58,year,None
MLB_31,column_47,MLB_31+column_47,name,None
MLB_31,column_52,MLB_31+column_52,teamName,None
MLB_32,column_47,MLB_32+column_47,name,None
MLB_32,column_50,MLB_32+column_50,team,None
MLB_32,column_52,MLB_32+column_52,teamName,None
MLB_32,column_57,MLB_32+column_57,year,None
MLB_33,column_47,MLB_33+column_47,name,None
MLB_33,column_52,MLB_33+column_52,teamName,None
MLB_33,column_57,MLB_33+column_57,year,None
MLB_34,column_50,MLB_34+column_50,team,None
MLB_35,column_47,MLB_35+column_47,name,None
MLB_35,column_52,MLB_35+column_52,teamName,None
MLB_35,column_57,MLB_35+column_57,year,None
MLB_36,column_47,MLB_36+column_47,name,None
MLB_36,column_50,MLB_36+column_50,team,None
MLB_36,column_52,MLB_36+column_52,teamName,None
MLB_36,column_57,MLB_36+column_57,year,None
MLB_37,column_50,MLB_37+column_50,team,None
MLB_37,column_52,MLB_37+column_52,teamName,None
MLB_37,column_57,MLB_37+column_57,year,None
MLB_38,column_35,MLB_38+column_35,name,None
MLB_38,column_38,MLB_38+column_38,team,None
MLB_38,column_41,MLB_38+column_41,teamName,None
MLB_38,column_46,MLB_38+column_46,year,None
MLB_39,column_35,MLB_39+column_35,name,None
MLB_39,column_38,MLB_39+column_38,team,None
MLB_39,column_41,MLB_39+column_41,teamName,None
MLB_39,column_46,MLB_39+column_46,year,None
MLB_4,column_1,MLB_4+column_1,description,None
MLB_4,column_2,MLB_4+column_2,team,None
MLB_4,column_4,MLB_4+column_4,type,None
MLB_4,column_5,MLB_4+column_5,name,None
MLB_4,column_6,MLB_4+column_6,day,None
MLB_4,column_9,MLB_4+column_9,team,None
MLB_4,column_18,MLB_4+column_18,name,None
MLB_4,column_22,MLB_4+column_22,year,None
MLB_40,column_35,MLB_40+column_35,name,None
MLB_40,column_38,MLB_40+column_38,team,None
MLB_40,column_41,MLB_40+column_41,teamName,None
MLB_40,column_46,MLB_40+column_46,year,None
MLB_41,column_44,MLB_41+column_44,type,None
MLB_41,column_45,MLB_41+column_45,name,None
MLB_41,column_48,MLB_41+column_48,team,None
MLB_41,column_50,MLB_41+column_50,teamName,None
MLB_41,column_55,MLB_41+column_55,year,None
MLB_42,column_44,MLB_42+column_44,type,None
MLB_42,column_45,MLB_42+column_45,name,None
MLB_42,column_48,MLB_42+column_48,team,None
MLB_42,column_50,MLB_42+column_50,teamName,None
MLB_42,column_55,MLB_42+column_55,year,None
MLB_43,column_44,MLB_43+column_44,type,None
MLB_43,column_45,MLB_43+column_45,name,None
MLB_43,column_48,MLB_43+column_48,team,None
MLB_43,column_55,MLB_43+column_55,year,None
MLB_44,column_44,MLB_44+column_44,type,None
MLB_44,column_45,MLB_44+column_45,name,None
MLB_44,column_48,MLB_44+column_48,team,None
MLB_44,column_50,MLB_44+column_50,teamName,None
MLB_44,column_55,MLB_44+column_55,year,None
MLB_45,column_56,MLB_45+column_56,team,None
MLB_45,column_63,MLB_45+column_63,year,None
MLB_46,column_52,MLB_46+column_52,name,None
MLB_46,column_56,MLB_46+column_56,team,None
MLB_46,column_58,MLB_46+column_58,teamName,None
MLB_46,column_63,MLB_46+column_63,year,None
MLB_47,column_52,MLB_47+column_52,name,None
MLB_47,column_56,MLB_47+column_56,team,None
MLB_47,column_63,MLB_47+column_63,year,None
MLB_48,column_56,MLB_48+column_56,team,None
MLB_48,column_58,MLB_48+column_58,teamName,None
MLB_48,column_63,MLB_48+column_63,year,None
MLB_49,column_47,MLB_49+column_47,name,None
MLB_49,column_51,MLB_49+column_51,team,None
MLB_49,column_54,MLB_49+column_54,teamName,None
MLB_49,column_59,MLB_49+column_59,year,None
MLB_5,column_1,MLB_5+column_1,description,None
MLB_5,column_2,MLB_5+column_2,team,None
MLB_5,column_6,MLB_5+column_6,name,None
MLB_5,column_8,MLB_5+column_8,day,None
MLB_5,column_12,MLB_5+column_12,team,None
MLB_5,column_22,MLB_5+column_22,name,None
MLB_5,column_27,MLB_5+column_27,year,None
MLB_50,column_47,MLB_50+column_47,name,None
MLB_50,column_51,MLB_50+column_51,team,None
MLB_50,column_54,MLB_50+column_54,teamName,None
MLB_50,column_59,MLB_50+column_59,year,None
MLB_51,column_47,MLB_51+column_47,name,None
MLB_51,column_51,MLB_51+column_51,team,None
MLB_51,column_54,MLB_51+column_54,teamName,None
MLB_51,column_59,MLB_51+column_59,year,None
MLB_52,column_15,MLB_52+column_15,year,None
MLB_53,column_52,MLB_53+column_52,name,None
MLB_54,column_52,MLB_54+column_52,name,None
MLB_54,column_58,MLB_54+column_58,teamName,None
MLB_55,column_56,MLB_55+column_56,team,None
MLB_55,column_58,MLB_55+column_58,teamName,None
MLB_55,column_63,MLB_55+column_63,year,None
MLB_56,column_52,MLB_56+column_52,name,None
MLB_56,column_56,MLB_56+column_56,team,None
MLB_56,column_58,MLB_56+column_58,teamName,None
MLB_57,column_22,MLB_57+column_22,year,None
MLB_58,column_54,MLB_58+column_54,name,None
MLB_58,column_57,MLB_58+column_57,team,None
MLB_58,column_59,MLB_58+column_59,teamName,None
MLB_59,column_54,MLB_59+column_54,name,None
MLB_59,column_57,MLB_59+column_57,team,None
MLB_59,column_59,MLB_59+column_59,teamName,None
MLB_59,column_65,MLB_59+column_65,year,None
MLB_6,column_1,MLB_6+column_1,description,None
MLB_6,column_2,MLB_6+column_2,team,None
MLB_6,column_5,MLB_6+column_5,type,None
MLB_6,column_6,MLB_6+column_6,name,None
MLB_6,column_11,MLB_6+column_11,day,None
MLB_6,column_27,MLB_6+column_27,year,None
MLB_60,column_54,MLB_60+column_54,name,None
MLB_60,column_57,MLB_60+column_57,team,None
MLB_60,column_59,MLB_60+column_59,teamName,None
MLB_60,column_65,MLB_60+column_65,year,None
MLB_62,column_57,MLB_62+column_57,team,None
MLB_62,column_65,MLB_62+column_65,year,None
MLB_63,column_56,MLB_63+column_56,team,None
MLB_63,column_58,MLB_63+column_58,team,None
MLB_63,column_59,MLB_63+column_59,teamName,None
MLB_64,column_51,MLB_64+column_51,name,None
MLB_64,column_52,MLB_64+column_52,day,None
MLB_64,column_56,MLB_64+column_56,team,None
MLB_64,column_58,MLB_64+column_58,team,None
MLB_64,column_59,MLB_64+column_59,teamName,None
MLB_64,column_64,MLB_64+column_64,year,None
MLB_65,column_51,MLB_65+column_51,name,None
MLB_65,column_52,MLB_65+column_52,day,None
MLB_65,column_56,MLB_65+column_56,team,None
MLB_65,column_59,MLB_65+column_59,teamName,None
MLB_66,column_2,MLB_66+column_2,team,None
MLB_66,column_5,MLB_66+column_5,type,None
MLB_66,column_6,MLB_66+column_6,name,None
MLB_66,column_8,MLB_66+column_8,day,None
MLB_66,column_12,MLB_66+column_12,day,None
MLB_66,column_13,MLB_66+column_13,team,None
MLB_66,column_23,MLB_66+column_23,name,None
MLB_66,column_29,MLB_66+column_29,year,None
MLB_67,column_1,MLB_67+column_1,description,None
MLB_67,column_4,MLB_67+column_4,type,None
MLB_67,column_5,MLB_67+column_5,name,None
MLB_67,column_9,MLB_67+column_9,team,None
MLB_67,column_18,MLB_67+column_18,name,None
MLB_67,column_22,MLB_67+column_22,year,None
MLB_68,column_2,MLB_68+column_2,team,None
MLB_68,column_5,MLB_68+column_5,type,None
MLB_68,column_6,MLB_68+column_6,name,None
MLB_68,column_11,MLB_68+column_11,day,None
MLB_68,column_12,MLB_68+column_12,team,None
MLB_68,column_22,MLB_68+column_22,name,None
MLB_68,column_27,MLB_68+column_27,year,None
MLB_7,column_29,MLB_7+column_29,team,None
MLB_7,column_30,MLB_7+column_30,position,None
MLB_7,column_37,MLB_7+column_37,year,None
MLB_8,column_27,MLB_8+column_27,name,None
MLB_8,column_29,MLB_8+column_29,team,None
MLB_8,column_30,MLB_8+column_30,position,None
MLB_9,column_29,MLB_9+column_29,team,None
MLB_9,column_37,MLB_9+column_37,year,None
NYC_1,column_0,NYC_1+column_0,type,None
NYC_1,column_1,NYC_1+column_1,name,name
NYC_1,column_2,NYC_1+column_2,organisation,None
NYC_1,column_5,NYC_1+column_5,name,None
NYC_1,column_7,NYC_1+column_7,city,None
NYC_1,column_10,NYC_1+column_10,type,None
NYC_1,column_16,NYC_1+column_16,type,None
NYC_1,column_19,NYC_1+column_19,name,None
NYC_1,column_20,NYC_1+column_20,address,None
NYC_1,column_26,NYC_1+column_26,type,None
NYC_1,column_27,NYC_1+column_27,location,None
NYC_1,column_31,NYC_1+column_31,name,None
NYC_1,column_33,NYC_1+column_33,description,name
NYC_1,column_35,NYC_1+column_35,address,None
NYC_1,column_36,NYC_1+column_36,city,None
NYC_1,column_37,NYC_1+column_37,code,None
NYC_1,column_38,NYC_1+column_38,name,None
NYC_1,column_42,NYC_1+column_42,region,None
NYC_1,column_43,NYC_1+column_43,state,None
NYC_2,column_1,NYC_2+column_1,name,name
NYC_2,column_5,NYC_2+column_5,name,None
NYC_2,column_7,NYC_2+column_7,city,None
NYC_2,column_10,NYC_2+column_10,type,None
NYC_2,column_16,NYC_2+column_16,type,None
NYC_2,column_27,NYC_2+column_27,location,None
NYC_2,column_31,NYC_2+column_31,name,None
NYC_2,column_35,NYC_2+column_35,address,None
NYC_2,column_36,NYC_2+column_36,city,None
NYC_2,column_37,NYC_2+column_37,code,None
NYC_2,column_42,NYC_2+column_42,region,None
NYC_2,column_43,NYC_2+column_43,state,None
NYC_2,column_46,NYC_2+column_46,status,None
PanCreactomy1_1,column_6,PanCreactomy1_1+column_6,description,None
PanCreactomy1_1,column_13,PanCreactomy1_1+column_13,city,None
PanCreactomy1_1,column_14,PanCreactomy1_1+column_14,country,None
PanCreactomy1_1,column_15,PanCreactomy1_1+column_15,name,None
PanCreactomy1_1,column_16,PanCreactomy1_1+column_16,gender,None
PanCreactomy1_1,column_19,PanCreactomy1_1+column_19,state,None
PanCreactomy1_1,column_25,PanCreactomy1_1+column_25,type,None
PanCreactomy2_1,column_5,PanCreactomy2_1+column_5,code,None
PanCreactomy2_1,column_6,PanCreactomy2_1+column_6,description,None
PanCreactomy2_1,column_13,PanCreactomy2_1+column_13,city,None
PanCreactomy2_1,column_14,PanCreactomy2_1+column_14,country,None
PanCreactomy2_1,column_15,PanCreactomy2_1+column_15,name,None
PanCreactomy2_1,column_16,PanCreactomy2_1+column_16,gender,None
PanCreactomy2_1,column_17,PanCreactomy2_1+column_17,name,None
PanCreactomy2_1,column_19,PanCreactomy2_1+column_19,state,None
PanCreactomy2_1,column_25,PanCreactomy2_1+column_25,type,None
PanCreactomy2_2,column_5,PanCreactomy2_2+column_5,code,None
PanCreactomy2_2,column_6,PanCreactomy2_2+column_6,description,None
PanCreactomy2_2,column_13,PanCreactomy2_2+column_13,city,None
PanCreactomy2_2,column_14,PanCreactomy2_2+column_14,country,None
PanCreactomy2_2,column_17,PanCreactomy2_2+column_17,name,None
PanCreactomy2_2,column_19,PanCreactomy2_2+column_19,state,None
Physicians_1,column_6,Physicians_1+column_6,code,None
Physicians_1,column_7,Physicians_1+column_7,description,None
Physicians_1,column_13,Physicians_1+column_13,city,None
Physicians_1,column_14,Physicians_1+column_14,country,None
Physicians_1,column_15,Physicians_1+column_15,name,None
Physicians_1,column_17,Physicians_1+column_17,name,None
Physicians_1,column_19,Physicians_1+column_19,state,None
Physicians_1,column_24,Physicians_1+column_24,type,None
Provider_1,column_6,Provider_1+column_6,code,None
Provider_1,column_7,Provider_1+column_7,description,None
Provider_1,column_12,Provider_1+column_12,code,None
Provider_1,column_13,Provider_1+column_13,city,None
Provider_1,column_14,Provider_1+column_14,country,None
Provider_1,column_17,Provider_1+column_17,name,None
Provider_2,column_7,Provider_2+column_7,description,None
Provider_2,column_12,Provider_2+column_12,code,None
Provider_2,column_13,Provider_2+column_13,city,None
Provider_2,column_14,Provider_2+column_14,country,None
Provider_2,column_17,Provider_2+column_17,name,None
Provider_2,column_19,Provider_2+column_19,state,None
Provider_2,column_24,Provider_2+column_24,type,None
Provider_3,column_6,Provider_3+column_6,code,None
Provider_3,column_7,Provider_3+column_7,description,None
Provider_3,column_12,Provider_3+column_12,code,None
Provider_3,column_13,Provider_3+column_13,city,None
Provider_3,column_14,Provider_3+column_14,country,None
Provider_3,column_15,Provider_3+column_15,name,None
Provider_3,column_16,Provider_3+column_16,gender,None
Provider_3,column_17,Provider_3+column_17,name,None
Provider_3,column_19,Provider_3+column_19,state,None
Provider_3,column_24,Provider_3+column_24,type,None
Provider_4,column_6,Provider_4+column_6,code,None
Provider_4,column_7,Provider_4+column_7,description,None
Provider_4,column_12,Provider_4+column_12,code,None
Provider_4,column_13,Provider_4+column_13,city,None
Provider_4,column_16,Provider_4+column_16,gender,None
Provider_4,column_17,Provider_4+column_17,name,None
Provider_4,column_19,Provider_4+column_19,state,None
Provider_5,column_7,Provider_5+column_7,description,None
Provider_5,column_12,Provider_5+column_12,code,None
Provider_5,column_13,Provider_5+column_13,city,None
Provider_5,column_14,Provider_5+column_14,country,None
Provider_5,column_15,Provider_5+column_15,name,None
Provider_5,column_16,Provider_5+column_16,gender,None
Provider_5,column_19,Provider_5+column_19,state,None
Provider_5,column_24,Provider_5+column_24,type,None
Provider_6,column_6,Provider_6+column_6,code,None
Provider_6,column_7,Provider_6+column_7,description,None
Provider_6,column_12,Provider_6+column_12,code,None
Provider_6,column_14,Provider_6+column_14,country,None
Provider_6,column_15,Provider_6+column_15,name,None
Provider_6,column_17,Provider_6+column_17,name,None
Provider_6,column_19,Provider_6+column_19,state,None
Provider_6,column_24,Provider_6+column_24,type,None
Provider_7,column_6,Provider_7+column_6,code,None
Provider_7,column_7,Provider_7+column_7,description,None
Provider_7,column_12,Provider_7+column_12,code,None
Provider_7,column_13,Provider_7+column_13,city,None
Provider_7,column_15,Provider_7+column_15,name,None
Provider_7,column_16,Provider_7+column_16,gender,None
Provider_7,column_17,Provider_7+column_17,name,None
Provider_7,column_19,Provider_7+column_19,state,None
Provider_7,column_24,Provider_7+column_24,type,None
Provider_8,column_6,Provider_8+column_6,code,None
Provider_8,column_12,Provider_8+column_12,code,None
Provider_8,column_13,Provider_8+column_13,city,None
Provider_8,column_14,Provider_8+column_14,country,None
Provider_8,column_15,Provider_8+column_15,name,None
Provider_8,column_16,Provider_8+column_16,gender,None
Provider_8,column_17,Provider_8+column_17,name,None
Provider_8,column_19,Provider_8+column_19,state,None
Provider_8,column_24,Provider_8+column_24,type,None
RealEstate1_1,column_0,RealEstate1_1+column_0,address,None
RealEstate1_1,column_1,RealEstate1_1+column_1,address,None
RealEstate1_1,column_5,RealEstate1_1+column_5,duration,None
RealEstate1_1,column_7,RealEstate1_1+column_7,location,None
RealEstate1_1,column_11,RealEstate1_1+column_11,code,None
RealEstate1_1,column_12,RealEstate1_1+column_12,region,None
RealEstate1_1,column_13,RealEstate1_1+column_13,code,None
RealEstate1_1,column_16,RealEstate1_1+column_16,type,None
RealEstate1_1,column_18,RealEstate1_1+column_18,city,None
RealEstate1_2,column_0,RealEstate1_2+column_0,address,None
RealEstate1_2,column_1,RealEstate1_2+column_1,address,None
RealEstate1_2,column_2,RealEstate1_2+column_2,county,None
RealEstate1_2,column_5,RealEstate1_2+column_5,duration,None
RealEstate1_2,column_11,RealEstate1_2+column_11,code,None
RealEstate1_2,column_12,RealEstate1_2+column_12,region,None
RealEstate1_2,column_13,RealEstate1_2+column_13,code,None
RealEstate1_2,column_14,RealEstate1_2+column_14,code,None
RealEstate1_2,column_16,RealEstate1_2+column_16,type,None
RealEstate1_2,column_18,RealEstate1_2+column_18,city,None
RealEstate1_2,column_26,RealEstate1_2+column_26,year,None
RealEstate2_1,column_1,RealEstate2_1+column_1,address,None
RealEstate2_1,column_2,RealEstate2_1+column_2,county,None
RealEstate2_1,column_3,RealEstate2_1+column_3,county,None
RealEstate2_1,column_6,RealEstate2_1+column_6,duration,None
RealEstate2_1,column_8,RealEstate2_1+column_8,location,None
RealEstate2_1,column_12,RealEstate2_1+column_12,code,None
RealEstate2_1,column_13,RealEstate2_1+column_13,code,None
RealEstate2_1,column_14,RealEstate2_1+column_14,region,None
RealEstate2_1,column_15,RealEstate2_1+column_15,code,None
RealEstate2_1,column_18,RealEstate2_1+column_18,type,None
RealEstate2_1,column_20,RealEstate2_1+column_20,city,None
RealEstate2_1,column_26,RealEstate2_1+column_26,city,None
RealEstate2_2,column_1,RealEstate2_2+column_1,address,None
RealEstate2_2,column_12,RealEstate2_2+column_12,code,None
RealEstate2_2,column_13,RealEstate2_2+column_13,code,None
RealEstate2_2,column_14,RealEstate2_2+column_14,region,None
RealEstate2_2,column_15,RealEstate2_2+column_15,code,None
RealEstate2_2,column_17,RealEstate2_2+column_17,type,None
RealEstate2_2,column_18,RealEstate2_2+column_18,type,None
RealEstate2_2,column_20,RealEstate2_2+column_20,city,None
RealEstate2_2,column_26,RealEstate2_2+column_26,city,None
RealEstate2_3,column_0,RealEstate2_3+column_0,address,None
RealEstate2_3,column_1,RealEstate2_3+column_1,address,None
RealEstate2_3,column_2,RealEstate2_3+column_2,county,None
RealEstate2_3,column_3,RealEstate2_3+column_3,county,None
RealEstate2_3,column_6,RealEstate2_3+column_6,duration,None
RealEstate2_3,column_12,RealEstate2_3+column_12,code,None
RealEstate2_3,column_13,RealEstate2_3+column_13,code,None
RealEstate2_3,column_14,RealEstate2_3+column_14,region,None
RealEstate2_3,column_15,RealEstate2_3+column_15,code,None
RealEstate2_3,column_17,RealEstate2_3+column_17,type,None
RealEstate2_3,column_18,RealEstate2_3+column_18,type,None
RealEstate2_3,column_20,RealEstate2_3+column_20,city,None
RealEstate2_3,column_26,RealEstate2_3+column_26,city,None
RealEstate2_4,column_1,RealEstate2_4+column_1,address,None
RealEstate2_4,column_3,RealEstate2_4+column_3,county,None
RealEstate2_4,column_6,RealEstate2_4+column_6,duration,None
RealEstate2_4,column_8,RealEstate2_4+column_8,location,None
RealEstate2_4,column_12,RealEstate2_4+column_12,code,None
RealEstate2_4,column_14,RealEstate2_4+column_14,region,None
RealEstate2_4,column_15,RealEstate2_4+column_15,code,None
RealEstate2_4,column_17,RealEstate2_4+column_17,type,None
RealEstate2_4,column_18,RealEstate2_4+column_18,type,None
RealEstate2_4,column_26,RealEstate2_4+column_26,city,None
RealEstate2_5,column_0,RealEstate2_5+column_0,address,None
RealEstate2_5,column_1,RealEstate2_5+column_1,address,None
RealEstate2_5,column_2,RealEstate2_5+column_2,county,None
RealEstate2_5,column_3,RealEstate2_5+column_3,county,None
RealEstate2_5,column_6,RealEstate2_5+column_6,duration,None
RealEstate2_5,column_8,RealEstate2_5+column_8,location,None
RealEstate2_5,column_12,RealEstate2_5+column_12,code,None
RealEstate2_5,column_13,RealEstate2_5+column_13,code,None
RealEstate2_5,column_14,RealEstate2_5+column_14,region,None
RealEstate2_5,column_15,RealEstate2_5+column_15,code,None
RealEstate2_5,column_17,RealEstate2_5+column_17,type,None
RealEstate2_5,column_18,RealEstate2_5+column_18,type,None
RealEstate2_5,column_20,RealEstate2_5+column_20,city,None
RealEstate2_5,column_26,RealEstate2_5+column_26,city,None
RealEstate2_6,column_0,RealEstate2_6+column_0,address,None
RealEstate2_6,column_1,RealEstate2_6+column_1,address,None
RealEstate2_6,column_2,RealEstate2_6+column_2,county,None
RealEstate2_6,column_6,RealEstate2_6+column_6,duration,None
RealEstate2_6,column_8,RealEstate2_6+column_8,location,None
RealEstate2_6,column_12,RealEstate2_6+column_12,code,None
RealEstate2_6,column_13,RealEstate2_6+column_13,code,None
RealEstate2_6,column_14,RealEstate2_6+column_14,region,None
RealEstate2_6,column_15,RealEstate2_6+column_15,code,None
RealEstate2_6,column_17,RealEstate2_6+column_17,type,None
RealEstate2_6,column_26,RealEstate2_6+column_26,city,None
RealEstate2_7,column_0,RealEstate2_7+column_0,address,None
RealEstate2_7,column_1,RealEstate2_7+column_1,address,None
RealEstate2_7,column_2,RealEstate2_7+column_2,county,None
RealEstate2_7,column_3,RealEstate2_7+column_3,county,None
RealEstate2_7,column_6,RealEstate2_7+column_6,duration,None
RealEstate2_7,column_12,RealEstate2_7+column_12,code,None
RealEstate2_7,column_13,RealEstate2_7+column_13,code,None
RealEstate2_7,column_14,RealEstate2_7+column_14,region,None
RealEstate2_7,column_15,RealEstate2_7+column_15,code,None
RealEstate2_7,column_18,RealEstate2_7+column_18,type,None
Redfin1_1,column_35,Redfin1_1+column_35,type,None
Redfin1_1,column_37,Redfin1_1+column_37,type,None
Redfin1_1,column_41,Redfin1_1+column_41,state,None
Redfin1_2,column_4,Redfin1_2+column_4,city,None
Redfin1_2,column_30,Redfin1_2+column_30,duration,None
Redfin1_2,column_35,Redfin1_2+column_35,type,None
Redfin1_2,column_36,Redfin1_2+column_36,region,None
Redfin1_2,column_37,Redfin1_2+column_37,type,None
Redfin1_2,column_41,Redfin1_2+column_41,state,None
Redfin1_2,column_42,Redfin1_2+column_42,code,None
Redfin1_3,column_4,Redfin1_3+column_4,city,None
Redfin1_3,column_30,Redfin1_3+column_30,duration,None
Redfin1_3,column_36,Redfin1_3+column_36,region,None
Redfin1_3,column_37,Redfin1_3+column_37,type,None
Redfin1_3,column_41,Redfin1_3+column_41,state,None
Redfin1_4,column_4,Redfin1_4+column_4,city,None
Redfin1_4,column_30,Redfin1_4+column_30,duration,None
Redfin1_4,column_35,Redfin1_4+column_35,type,None
Redfin1_4,column_36,Redfin1_4+column_36,region,None
Redfin1_4,column_37,Redfin1_4+column_37,type,None
Redfin1_4,column_41,Redfin1_4+column_41,state,None
Redfin2_1,column_4,Redfin2_1+column_4,city,None
Redfin2_1,column_30,Redfin2_1+column_30,duration,None
Redfin2_1,column_35,Redfin2_1+column_35,type,None
Redfin2_1,column_36,Redfin2_1+column_36,region,None
Redfin2_1,column_41,Redfin2_1+column_41,state,None
Redfin2_1,column_42,Redfin2_1+column_42,code,None
Redfin2_2,column_30,Redfin2_2+column_30,duration,None
Redfin2_2,column_35,Redfin2_2+column_35,type,None
Redfin2_2,column_36,Redfin2_2+column_36,region,None
Redfin2_2,column_37,Redfin2_2+column_37,type,None
Redfin2_2,column_41,Redfin2_2+column_41,state,None
Redfin2_2,column_42,Redfin2_2+column_42,code,None
Redfin2_3,column_4,Redfin2_3+column_4,city,None
Redfin2_3,column_30,Redfin2_3+column_30,duration,None
Redfin2_3,column_35,Redfin2_3+column_35,type,None
Redfin2_3,column_36,Redfin2_3+column_36,region,None
Redfin2_3,column_37,Redfin2_3+column_37,type,None
Redfin2_3,column_41,Redfin2_3+column_41,state,None
Redfin3_1,column_4,Redfin3_1+column_4,city,None
Redfin3_1,column_33,Redfin3_1+column_33,duration,None
Redfin3_1,column_38,Redfin3_1+column_38,type,None
Redfin3_1,column_39,Redfin3_1+column_39,region,None
Redfin3_1,column_40,Redfin3_1+column_40,type,None
Redfin3_1,column_44,Redfin3_1+column_44,state,None
Redfin3_1,column_45,Redfin3_1+column_45,code,None
Redfin3_2,column_4,Redfin3_2+column_4,city,None
Redfin3_2,column_38,Redfin3_2+column_38,type,None
Redfin3_2,column_40,Redfin3_2+column_40,type,None
Redfin4_1,column_4,Redfin4_1+column_4,city,None
Redfin4_1,column_34,Redfin4_1+column_34,duration,None
Redfin4_1,column_39,Redfin4_1+column_39,type,None
Redfin4_1,column_40,Redfin4_1+column_40,region,None
Redfin4_1,column_41,Redfin4_1+column_41,type,None
Redfin4_1,column_45,Redfin4_1+column_45,state,None
Redfin4_1,column_46,Redfin4_1+column_46,code,None
Romance_1,column_8,Romance_1+column_8,location,None
Romance_1,column_9,Romance_1+column_9,collection,None
Romance_2,column_8,Romance_2+column_8,location,None
Taxpayer_1,column_6,Taxpayer_1+column_6,code,None
Taxpayer_1,column_7,Taxpayer_1+column_7,description,None
Taxpayer_1,column_12,Taxpayer_1+column_12,code,None
Taxpayer_1,column_13,Taxpayer_1+column_13,city,None
Taxpayer_1,column_14,Taxpayer_1+column_14,country,None
Taxpayer_1,column_15,Taxpayer_1+column_15,name,None
Taxpayer_1,column_16,Taxpayer_1+column_16,gender,None
Taxpayer_1,column_19,Taxpayer_1+column_19,state,None
Taxpayer_10,column_6,Taxpayer_10+column_6,code,None
Taxpayer_10,column_7,Taxpayer_10+column_7,description,None
Taxpayer_10,column_12,Taxpayer_10+column_12,code,None
Taxpayer_10,column_13,Taxpayer_10+column_13,city,None
Taxpayer_10,column_14,Taxpayer_10+column_14,country,None
Taxpayer_10,column_16,Taxpayer_10+column_16,gender,None
Taxpayer_10,column_17,Taxpayer_10+column_17,name,None
Taxpayer_10,column_19,Taxpayer_10+column_19,state,None
Taxpayer_10,column_24,Taxpayer_10+column_24,type,None
Taxpayer_2,column_6,Taxpayer_2+column_6,code,None
Taxpayer_2,column_7,Taxpayer_2+column_7,description,None
Taxpayer_2,column_12,Taxpayer_2+column_12,code,None
Taxpayer_2,column_13,Taxpayer_2+column_13,city,None
Taxpayer_2,column_15,Taxpayer_2+column_15,name,None
Taxpayer_2,column_16,Taxpayer_2+column_16,gender,None
Taxpayer_2,column_17,Taxpayer_2+column_17,name,None
Taxpayer_2,column_24,Taxpayer_2+column_24,type,None
Taxpayer_3,column_6,Taxpayer_3+column_6,code,None
Taxpayer_3,column_7,Taxpayer_3+column_7,description,None
Taxpayer_3,column_12,Taxpayer_3+column_12,code,None
Taxpayer_3,column_13,Taxpayer_3+column_13,city,None
Taxpayer_3,column_14,Taxpayer_3+column_14,country,None
Taxpayer_3,column_16,Taxpayer_3+column_16,gender,None
Taxpayer_3,column_17,Taxpayer_3+column_17,name,None
Taxpayer_3,column_24,Taxpayer_3+column_24,type,None
Taxpayer_4,column_6,Taxpayer_4+column_6,code,None
Taxpayer_4,column_12,Taxpayer_4+column_12,code,None
Taxpayer_4,column_13,Taxpayer_4+column_13,city,None
Taxpayer_4,column_14,Taxpayer_4+column_14,country,None
Taxpayer_4,column_15,Taxpayer_4+column_15,name,None
Taxpayer_4,column_24,Taxpayer_4+column_24,type,None
Taxpayer_5,column_6,Taxpayer_5+column_6,code,None
Taxpayer_5,column_7,Taxpayer_5+column_7,description,None
Taxpayer_5,column_12,Taxpayer_5+column_12,code,None
Taxpayer_5,column_13,Taxpayer_5+column_13,city,None
Taxpayer_5,column_14,Taxpayer_5+column_14,country,None
Taxpayer_5,column_16,Taxpayer_5+column_16,gender,None
Taxpayer_5,column_17,Taxpayer_5+column_17,name,None
Taxpayer_5,column_19,Taxpayer_5+column_19,state,None
Taxpayer_5,column_24,Taxpayer_5+column_24,type,None
Taxpayer_6,column_6,Taxpayer_6+column_6,code,None
Taxpayer_6,column_7,Taxpayer_6+column_7,description,None
Taxpayer_6,column_12,Taxpayer_6+column_12,code,None
Taxpayer_6,column_16,Taxpayer_6+column_16,gender,None
Taxpayer_6,column_17,Taxpayer_6+column_17,name,None
Taxpayer_6,column_19,Taxpayer_6+column_19,state,None
Taxpayer_6,column_24,Taxpayer_6+column_24,type,None
Taxpayer_7,column_6,Taxpayer_7+column_6,code,None
Taxpayer_7,column_7,Taxpayer_7+column_7,description,None
Taxpayer_7,column_14,Taxpayer_7+column_14,country,None
Taxpayer_7,column_15,Taxpayer_7+column_15,name,None
Taxpayer_7,column_16,Taxpayer_7+column_16,gender,None
Taxpayer_7,column_17,Taxpayer_7+column_17,name,None
Taxpayer_7,column_19,Taxpayer_7+column_19,state,None
Taxpayer_7,column_24,Taxpayer_7+column_24,type,None
Taxpayer_8,column_6,Taxpayer_8+column_6,code,None
Taxpayer_8,column_13,Taxpayer_8+column_13,city,None
Taxpayer_8,column_14,Taxpayer_8+column_14,country,None
Taxpayer_8,column_15,Taxpayer_8+column_15,name,None
Taxpayer_8,column_17,Taxpayer_8+column_17,name,None
Taxpayer_9,column_6,Taxpayer_9+column_6,code,None
Taxpayer_9,column_7,Taxpayer_9+column_7,description,None
Taxpayer_9,column_12,Taxpayer_9+column_12,code,None
Taxpayer_9,column_13,Taxpayer_9+column_13,city,None
Taxpayer_9,column_14,Taxpayer_9+column_14,country,None
Taxpayer_9,column_16,Taxpayer_9+column_16,gender,None
Taxpayer_9,column_19,Taxpayer_9+column_19,state,None
TrainsUK1_2,column_5,TrainsUK1_2+column_5,code,None
TrainsUK1_2,column_7,TrainsUK1_2+column_7,operator,None
TrainsUK1_2,column_11,TrainsUK1_2+column_11,location,None
TrainsUK1_2,column_12,TrainsUK1_2+column_12,location,None
TrainsUK1_2,column_15,TrainsUK1_2+column_15,ranking,None
TrainsUK1_2,column_16,TrainsUK1_2+column_16,location,None
TrainsUK1_2,column_17,TrainsUK1_2+column_17,location,None
TrainsUK1_2,column_23,TrainsUK1_2+column_23,description,None
TrainsUK1_3,column_8,TrainsUK1_3+column_8,operator,None
TrainsUK1_3,column_11,TrainsUK1_3+column_11,location,None
TrainsUK1_3,column_15,TrainsUK1_3+column_15,ranking,None
TrainsUK1_3,column_16,TrainsUK1_3+column_16,location,None
TrainsUK1_3,column_17,TrainsUK1_3+column_17,location,None
TrainsUK1_3,column_23,TrainsUK1_3+column_23,description,None
TrainsUK1_4,column_5,TrainsUK1_4+column_5,code,None
TrainsUK1_4,column_7,TrainsUK1_4+column_7,operator,None
TrainsUK1_4,column_8,TrainsUK1_4+column_8,operator,None
TrainsUK1_4,column_11,TrainsUK1_4+column_11,location,None
TrainsUK1_4,column_12,TrainsUK1_4+column_12,location,None
TrainsUK1_4,column_16,TrainsUK1_4+column_16,location,None
TrainsUK1_4,column_17,TrainsUK1_4+column_17,location,None
TrainsUK1_4,column_23,TrainsUK1_4+column_23,description,None
TrainsUK2_1,column_2,TrainsUK2_1+column_2,year,None
TrainsUK2_1,column_4,TrainsUK2_1+column_4,operator,None
TrainsUK2_1,column_7,TrainsUK2_1+column_7,city,None
TrainsUK2_1,column_10,TrainsUK2_1+column_10,city,None
TrainsUK2_1,column_17,TrainsUK2_1+column_17,description,None
TrainsUK2_2,column_7,TrainsUK2_2+column_7,city,None
TrainsUK2_2,column_16,TrainsUK2_2+column_16,code,None
TrainsUK2_2,column_17,TrainsUK2_2+column_17,description,None
Wins_1,column_182,Wins_1+column_182,weight,None
Wins_1,column_233,Wins_1+column_233,name,None
Wins_1,column_234,Wins_1+column_234,name,None
Wins_1,column_235,Wins_1+column_235,class,None
Wins_1,column_237,Wins_1+column_237,name,None
Wins_1,column_242,Wins_1+column_242,owner,None
Wins_2,column_460,Wins_2+column_460,sex,None
Wins_2,column_584,Wins_2+column_584,class,None
Wins_2,column_593,Wins_2+column_593,name,None
Wins_2,column_594,Wins_2+column_594,name,None
Wins_2,column_595,Wins_2+column_595,name,None
Wins_2,column_596,Wins_2+column_596,name,None
Wins_2,column_604,Wins_2+column_604,owner,None
Wins_3,column_529,Wins_3+column_529,weight,None
Wins_3,column_593,Wins_3+column_593,name,None
Wins_3,column_594,Wins_3+column_594,name,None
Wins_3,column_595,Wins_3+column_595,name,None
Wins_3,column_596,Wins_3+column_596,name,None
Wins_3,column_597,Wins_3+column_597,class,None
Wins_4,column_460,Wins_4+column_460,sex,None
Wins_4,column_529,Wins_4+column_529,weight,None
Wins_4,column_594,Wins_4+column_594,name,None
Wins_4,column_595,Wins_4+column_595,name,None
Wins_4,column_596,Wins_4+column_596,name,None
Wins_4,column_597,Wins_4+column_597,class,None
Wins_4,column_604,Wins_4+column_604,owner,None
YaleLanguages_1,column_0,YaleLanguages_1+column_0,year,None
YaleLanguages_1,column_5,YaleLanguages_1+column_5,class,None
YaleLanguages_1,column_6,YaleLanguages_1+column_6,class,None
YaleLanguages_1,column_7,YaleLanguages_1+column_7,class,None
YaleLanguages_1,column_11,YaleLanguages_1+column_11,range,None
YaleLanguages_1,column_15,YaleLanguages_1+column_15,language,None
YaleLanguages_1,column_20,YaleLanguages_1+column_20,code,None
YaleLanguages_1,column_21,YaleLanguages_1+column_21,description,None
YaleLanguages_1,column_24,YaleLanguages_1+column_24,name,None
YaleLanguages_1,column_25,YaleLanguages_1+column_25,type,None
YaleLanguages_1,column_26,YaleLanguages_1+column_26,code,None
YaleLanguages_2,column_0,YaleLanguages_2+column_0,year,None
YaleLanguages_2,column_1,YaleLanguages_2+column_1,format,None
YaleLanguages_2,column_3,YaleLanguages_2+column_3,type,None
YaleLanguages_2,column_5,YaleLanguages_2+column_5,class,None
YaleLanguages_2,column_6,YaleLanguages_2+column_6,class,None
YaleLanguages_2,column_7,YaleLanguages_2+column_7,class,None
YaleLanguages_2,column_9,YaleLanguages_2+column_9,year,None
YaleLanguages_2,column_11,YaleLanguages_2+column_11,range,None
YaleLanguages_2,column_20,YaleLanguages_2+column_20,code,None
YaleLanguages_2,column_25,YaleLanguages_2+column_25,type,None
YaleLanguages_2,column_26,YaleLanguages_2+column_26,code,None
YaleLanguages_3,column_0,YaleLanguages_3+column_0,year,None
YaleLanguages_3,column_3,YaleLanguages_3+column_3,type,None
YaleLanguages_3,column_5,YaleLanguages_3+column_5,class,None
YaleLanguages_3,column_6,YaleLanguages_3+column_6,class,None
YaleLanguages_3,column_7,YaleLanguages_3+column_7,class,None
YaleLanguages_3,column_8,YaleLanguages_3+column_8,class,None
YaleLanguages_3,column_9,YaleLanguages_3+column_9,year,None
YaleLanguages_3,column_10,YaleLanguages_3+column_10,range,None
YaleLanguages_3,column_11,YaleLanguages_3+column_11,range,None
YaleLanguages_3,column_15,YaleLanguages_3+column_15,language,None
YaleLanguages_3,column_20,YaleLanguages_3+column_20,code,None
YaleLanguages_3,column_24,YaleLanguages_3+column_24,name,None
YaleLanguages_3,column_26,YaleLanguages_3+column_26,code,None
YaleLanguages_4,column_0,YaleLanguages_4+column_0,year,None
YaleLanguages_4,column_1,YaleLanguages_4+column_1,format,None
YaleLanguages_4,column_3,YaleLanguages_4+column_3,type,None
YaleLanguages_4,column_5,YaleLanguages_4+column_5,class,None
YaleLanguages_4,column_6,YaleLanguages_4+column_6,class,None
YaleLanguages_4,column_7,YaleLanguages_4+column_7,class,None
YaleLanguages_4,column_9,YaleLanguages_4+column_9,year,None
YaleLanguages_4,column_10,YaleLanguages_4+column_10,range,None
YaleLanguages_4,column_11,YaleLanguages_4+column_11,range,None
YaleLanguages_4,column_20,YaleLanguages_4+column_20,code,None
YaleLanguages_4,column_21,YaleLanguages_4+column_21,description,None
YaleLanguages_4,column_24,YaleLanguages_4+column_24,name,None
YaleLanguages_4,column_25,YaleLanguages_4+column_25,type,None
YaleLanguages_4,column_26,YaleLanguages_4+column_26,code,None
YaleLanguages_5,column_0,YaleLanguages_5+column_0,year,None
YaleLanguages_5,column_1,YaleLanguages_5+column_1,format,None
YaleLanguages_5,column_3,YaleLanguages_5+column_3,type,None
YaleLanguages_5,column_5,YaleLanguages_5+column_5,class,None
YaleLanguages_5,column_6,YaleLanguages_5+column_6,class,None
YaleLanguages_5,column_7,YaleLanguages_5+column_7,class,None
YaleLanguages_5,column_8,YaleLanguages_5+column_8,class,None
YaleLanguages_5,column_9,YaleLanguages_5+column_9,year,None
YaleLanguages_5,column_11,YaleLanguages_5+column_11,range,None
YaleLanguages_5,column_15,YaleLanguages_5+column_15,language,None
YaleLanguages_5,column_20,YaleLanguages_5+column_20,code,None
YaleLanguages_5,column_21,YaleLanguages_5+column_21,description,None
YaleLanguages_5,column_24,YaleLanguages_5+column_24,name,None
YaleLanguages_5,column_25,YaleLanguages_5+column_25,type,None
YaleLanguages_5,column_26,YaleLanguages_5+column_26,code,None
