table,column,dataset_id,already_labeled,semanticType,cluster_label,predicted_type
CityMaxCapita_1,column_20,CityMaxCapita_1+column_20,True,region,215,region
CMSprovider_1,column_21,CMSprovider_1+column_21,True,service,181,service
CMSprovider_2,column_21,CMSprovider_2+column_21,True,service,181,service
CMSprovider_2,column_22,CMSprovider_2+column_22,True,type,107,type
CommonGovernment_11,column_32,CommonGovernment_11+column_32,True,category,79,category
CommonGovernment_12,column_12,CommonGovernment_12+column_12,True,name,105,name
CommonGovernment_13,column_44,CommonGovernment_13+column_44,True,description,111,description
CommonGovernment_2,column_44,CommonGovernment_2+column_44,True,description,111,description
CommonGovernment_2,column_55,CommonGovernment_2+column_55,True,year,16,year
CommonGovernment_4,column_33,CommonGovernment_4+column_33,True,category,102,category
CommonGovernment_6,column_32,CommonGovernment_6+column_32,True,category,79,category
CommonGovernment_6,column_43,CommonGovernment_6+column_43,True,code,109,code
CommonGovernment_7,column_4,CommonGovernment_7+column_4,True,code,57,code
CommonGovernment_7,column_6,CommonGovernment_7+column_6,True,type,83,type
CommonGovernment_7,column_33,CommonGovernment_7+column_33,True,category,102,category
CommonGovernment_7,column_44,CommonGovernment_7+column_44,True,description,111,description
CommonGovernment_8,column_11,CommonGovernment_8+column_11,True,code,65,code
CommonGovernment_8,column_42,CommonGovernment_8+column_42,True,description,50,description
CommonGovernment_9,column_33,CommonGovernment_9+column_33,True,category,102,category
Corporations_1,column_5,Corporations_1+column_5,True,continent,5,continent
Euro2016_1,column_2,Euro2016_1+column_2,True,language,42,language
HashTags_1,column_4,HashTags_1+column_4,True,language,42,language
HashTags_1,column_41,HashTags_1+column_41,True,city,5,city
HashTags_1,column_58,HashTags_1+column_58,True,name,25,name
HashTags_1,column_62,HashTags_1+column_62,True,status,204,status
Hatred_1,column_10,Hatred_1+column_10,True,gender,66,gender
Hatred_1,column_25,Hatred_1+column_25,True,state,26,state
IGlocations2_2,column_2,IGlocations2_2+column_2,True,city,29,city
IGlocations2_2,column_3,IGlocations2_2+column_3,True,country,92,country
IUBLibrary_1,column_8,IUBLibrary_1+column_8,True,format,179,format
Medicare1_1,column_20,Medicare1_1+column_20,True,day,88,day
Medicare1_2,column_25,Medicare1_2+column_25,True,day,7,day
Medicare2_1,column_7,Medicare2_1+column_7,True,description,58,description
Medicare2_1,column_17,Medicare2_1+column_17,True,organisation,22,organisation
Medicare3_1,column_14,Medicare3_1+column_14,True,country,92,country
Medicare3_1,column_19,Medicare3_1+column_19,True,state,26,state
Medicare3_1,column_25,Medicare3_1+column_25,True,type,107,type
MedPayment1_1,column_20,MedPayment1_1+column_20,True,address,95,address
MedPayment2_1,column_16,MedPayment2_1+column_16,True,gender,82,gender
MedPayment2_1,column_17,MedPayment2_1+column_17,True,organisation,22,organisation
MedPayment2_1,column_20,MedPayment2_1+column_20,True,address,95,address
MLB_10,column_30,MLB_10+column_30,True,position,15,position
MLB_11,column_30,MLB_11+column_30,True,position,15,position
MLB_13,column_37,MLB_13+column_37,True,team,226,team
MLB_17,column_56,MLB_17+column_56,True,team,13,team
MLB_21,column_58,MLB_21+column_58,True,year,16,year
MLB_23,column_53,MLB_23+column_53,True,teamName,28,teamName
MLB_25,column_53,MLB_25+column_53,True,teamName,28,teamName
MLB_26,column_47,MLB_26+column_47,True,name,6,name
MLB_28,column_58,MLB_28+column_58,True,year,16,year
MLB_30,column_53,MLB_30+column_53,True,teamName,237,teamName
MLB_35,column_52,MLB_35+column_52,True,teamName,183,teamName
MLB_3,column_9,MLB_3+column_9,True,team,38,team
MLB_42,column_50,MLB_42+column_50,True,teamName,193,teamName
MLB_42,column_55,MLB_42+column_55,True,year,16,year
MLB_55,column_63,MLB_55+column_63,True,year,16,year
MLB_6,column_11,MLB_6+column_11,True,day,140,day
MLB_60,column_57,MLB_60+column_57,True,team,191,team
MLB_63,column_52,MLB_63+column_52,True,day,140,day
MLB_66,column_2,MLB_66+column_2,True,team,38,team
MLB_67,column_6,MLB_67+column_6,True,day,7,day
MLB_7,column_30,MLB_7+column_30,True,position,15,position
MLB_8,column_30,MLB_8+column_30,True,position,15,position
MLB_9,column_30,MLB_9+column_30,True,position,15,position
MulheresMil_1,column_63,MulheresMil_1+column_63,True,sex,164,sex
NYC_1,column_2,NYC_1+column_2,True,organisation,145,organisation
NYC_1,column_46,NYC_1+column_46,True,status,147,status
NYC_2,column_2,NYC_2+column_2,True,organisation,145,organisation
NYC_2,column_46,NYC_2+column_46,True,status,147,status
PanCreactomy2_2,column_19,PanCreactomy2_2+column_19,True,state,26,state
Provider_4,column_19,Provider_4+column_19,True,state,26,state
Provider_5,column_16,Provider_5+column_16,True,gender,82,gender
Provider_7,column_14,Provider_7+column_14,True,country,92,country
Provider_8,column_14,Provider_8+column_14,True,country,92,country
Provider_8,column_16,Provider_8+column_16,True,gender,82,gender
RealEstate1_1,column_2,RealEstate1_1+column_2,True,county,60,county
RealEstate2_1,column_3,RealEstate2_1+column_3,True,county,60,county
RealEstate2_1,column_13,RealEstate2_1+column_13,True,code,130,code
RealEstate2_1,column_17,RealEstate2_1+column_17,True,type,139,type
RealEstate2_2,column_0,RealEstate2_2+column_0,True,address,35,address
RealEstate2_2,column_1,RealEstate2_2+column_1,True,address,5,address
RealEstate2_2,column_3,RealEstate2_2+column_3,True,county,60,county
RealEstate2_4,column_8,RealEstate2_4+column_8,True,location,113,location
RealEstate2_4,column_20,RealEstate2_4+column_20,True,city,228,city
RealEstate2_6,column_2,RealEstate2_6+column_2,True,county,60,county
RealEstate2_6,column_14,RealEstate2_6+column_14,True,region,8,region
RealEstate2_7,column_1,RealEstate2_7+column_1,True,address,5,address
RealEstate2_7,column_2,RealEstate2_7+column_2,True,county,60,county
Redfin1_1,column_30,Redfin1_1+column_30,True,duration,84,duration
Redfin1_2,column_30,Redfin1_2+column_30,True,duration,84,duration
Redfin1_2,column_37,Redfin1_2+column_37,True,type,40,type
Redfin1_4,column_30,Redfin1_4+column_30,True,duration,84,duration
Redfin2_1,column_30,Redfin2_1+column_30,True,duration,84,duration
Redfin2_1,column_36,Redfin2_1+column_36,True,region,115,region
Redfin2_3,column_36,Redfin2_3+column_36,True,region,115,region
Redfin3_2,column_39,Redfin3_2+column_39,True,region,115,region
Redfin4_1,column_34,Redfin4_1+column_34,True,duration,84,duration
Romance_1,column_9,Romance_1+column_9,True,collection,47,collection
Romance_2,column_9,Romance_2+column_9,True,collection,47,collection
Taxpayer_1,column_19,Taxpayer_1+column_19,True,state,26,state
Taxpayer_10,column_14,Taxpayer_10+column_14,True,country,92,country
Taxpayer_4,column_13,Taxpayer_4+column_13,True,city,150,city
Taxpayer_4,column_17,Taxpayer_4+column_17,True,name,22,name
Taxpayer_5,column_13,Taxpayer_5+column_13,True,city,150,city
Taxpayer_6,column_16,Taxpayer_6+column_16,True,gender,82,gender
Taxpayer_8,column_12,Taxpayer_8+column_12,True,code,199,code
TrainsUK1_2,column_7,TrainsUK1_2+column_7,True,operator,61,operator
TrainsUK1_2,column_15,TrainsUK1_2+column_15,True,ranking,101,ranking
TrainsUK1_3,column_8,TrainsUK1_3+column_8,True,operator,10,operator
TrainsUK1_3,column_12,TrainsUK1_3+column_12,True,location,34,location
TrainsUK1_4,column_8,TrainsUK1_4+column_8,True,operator,10,operator
TrainsUK1_4,column_11,TrainsUK1_4+column_11,True,location,34,location
TrainsUK1_4,column_12,TrainsUK1_4+column_12,True,location,34,location
TrainsUK1_4,column_15,TrainsUK1_4+column_15,True,ranking,101,ranking
TrainsUK1_4,column_16,TrainsUK1_4+column_16,True,location,30,location
TrainsUK2_1,column_4,TrainsUK2_1+column_4,True,operator,10,operator
TrainsUK2_2,column_4,TrainsUK2_2+column_4,True,operator,10,operator
Wins_1,column_151,Wins_1+column_151,True,sex,149,sex
Wins_1,column_235,Wins_1+column_235,True,class,39,class
Wins_1,column_242,Wins_1+column_242,True,owner,24,owner
Wins_2,column_460,Wins_2+column_460,True,sex,62,sex
Wins_2,column_529,Wins_2+column_529,True,weight,134,weight
Wins_2,column_594,Wins_2+column_594,True,name,12,name
Wins_2,column_604,Wins_2+column_604,True,owner,24,owner
Wins_3,column_460,Wins_3+column_460,True,sex,62,sex
Wins_3,column_584,Wins_3+column_584,True,class,64,class
Wins_3,column_597,Wins_3+column_597,True,class,39,class
Wins_3,column_604,Wins_3+column_604,True,owner,24,owner
Wins_4,column_460,Wins_4+column_460,True,sex,62,sex
Wins_4,column_529,Wins_4+column_529,True,weight,134,weight
YaleLanguages_1,column_1,YaleLanguages_1+column_1,True,format,44,format
YaleLanguages_1,column_8,YaleLanguages_1+column_8,True,class,21,class
YaleLanguages_1,column_10,YaleLanguages_1+column_10,True,range,99,range
YaleLanguages_1,column_15,YaleLanguages_1+column_15,True,language,119,language
YaleLanguages_2,column_1,YaleLanguages_2+column_1,True,format,44,format
YaleLanguages_2,column_5,YaleLanguages_2+column_5,True,class,23,class
YaleLanguages_2,column_15,YaleLanguages_2+column_15,True,language,119,language
YaleLanguages_3,column_11,YaleLanguages_3+column_11,True,range,114,range
YaleLanguages_4,column_1,YaleLanguages_4+column_1,True,format,44,format
YaleLanguages_4,column_10,YaleLanguages_4+column_10,True,range,99,range
YaleLanguages_4,column_11,YaleLanguages_4+column_11,True,range,114,range
YaleLanguages_5,column_1,YaleLanguages_5+column_1,True,format,44,format
YaleLanguages_5,column_11,YaleLanguages_5+column_11,True,range,114,range
YaleLanguages_5,column_15,YaleLanguages_5+column_15,True,language,184,language
CityMaxCapita_1,column_1,CityMaxCapita_1+column_1,False,state,133,None
CityMaxCapita_1,column_2,CityMaxCapita_1+column_2,False,city,52,None
CityMaxCapita_1,column_10,CityMaxCapita_1+column_10,False,gender,66,gender
CityMaxCapita_1,column_22,CityMaxCapita_1+column_22,False,country,122,None
CityMaxCapita_1,column_23,CityMaxCapita_1+column_23,False,state,26,state
CityMaxCapita_1,column_29,CityMaxCapita_1+column_29,False,name,17,None
CityMaxCapita_1,column_30,CityMaxCapita_1+column_30,False,name,27,None
CMSprovider_1,column_5,CMSprovider_1+column_5,False,code,46,None
CMSprovider_1,column_6,CMSprovider_1+column_6,False,description,18,None
CMSprovider_1,column_12,CMSprovider_1+column_12,False,code,199,code
CMSprovider_1,column_14,CMSprovider_1+column_14,False,country,92,country
CMSprovider_1,column_15,CMSprovider_1+column_15,False,gender,82,gender
CMSprovider_1,column_16,CMSprovider_1+column_16,False,state,26,state
CMSprovider_1,column_17,CMSprovider_1+column_17,False,address,95,address
CMSprovider_1,column_18,CMSprovider_1+column_18,False,address,112,None
CMSprovider_2,column_5,CMSprovider_2+column_5,False,code,46,None
CMSprovider_2,column_6,CMSprovider_2+column_6,False,description,18,None
CMSprovider_2,column_12,CMSprovider_2+column_12,False,code,199,code
CMSprovider_2,column_13,CMSprovider_2+column_13,False,city,150,city
CMSprovider_2,column_14,CMSprovider_2+column_14,False,country,92,country
CMSprovider_2,column_15,CMSprovider_2+column_15,False,gender,82,gender
CMSprovider_2,column_16,CMSprovider_2+column_16,False,state,26,state
CMSprovider_2,column_17,CMSprovider_2+column_17,False,address,95,address
CMSprovider_2,column_18,CMSprovider_2+column_18,False,address,112,None
CommonGovernment_10,column_3,CommonGovernment_10+column_3,False,name,1,None
CommonGovernment_10,column_6,CommonGovernment_10+column_6,False,type,83,type
CommonGovernment_10,column_7,CommonGovernment_10+column_7,False,code,86,None
CommonGovernment_10,column_8,CommonGovernment_10+column_8,False,type,131,None
CommonGovernment_10,column_12,CommonGovernment_10+column_12,False,name,105,name
CommonGovernment_10,column_13,CommonGovernment_10+column_13,False,type,86,None
CommonGovernment_10,column_14,CommonGovernment_10+column_14,False,name,68,None
CommonGovernment_10,column_15,CommonGovernment_10+column_15,False,state,89,None
CommonGovernment_10,column_22,CommonGovernment_10+column_22,False,description,1,None
CommonGovernment_10,column_28,CommonGovernment_10+column_28,False,name,1,None
CommonGovernment_10,column_32,CommonGovernment_10+column_32,False,category,79,category
CommonGovernment_10,column_33,CommonGovernment_10+column_33,False,category,102,category
CommonGovernment_10,column_34,CommonGovernment_10+column_34,False,code,98,None
CommonGovernment_10,column_35,CommonGovernment_10+column_35,False,name,59,None
CommonGovernment_10,column_41,CommonGovernment_10+column_41,False,code,109,code
CommonGovernment_10,column_43,CommonGovernment_10+column_43,False,code,109,code
CommonGovernment_10,column_49,CommonGovernment_10+column_49,False,name,96,None
CommonGovernment_10,column_53,CommonGovernment_10+column_53,False,name,37,None
CommonGovernment_10,column_55,CommonGovernment_10+column_55,False,year,16,year
CommonGovernment_11,column_3,CommonGovernment_11+column_3,False,name,1,None
CommonGovernment_11,column_7,CommonGovernment_11+column_7,False,code,86,None
CommonGovernment_11,column_8,CommonGovernment_11+column_8,False,type,131,None
CommonGovernment_11,column_11,CommonGovernment_11+column_11,False,code,65,code
CommonGovernment_11,column_12,CommonGovernment_11+column_12,False,name,105,name
CommonGovernment_11,column_13,CommonGovernment_11+column_13,False,type,86,None
CommonGovernment_11,column_16,CommonGovernment_11+column_16,False,code,57,code
CommonGovernment_11,column_22,CommonGovernment_11+column_22,False,description,1,None
CommonGovernment_11,column_33,CommonGovernment_11+column_33,False,category,102,category
CommonGovernment_11,column_35,CommonGovernment_11+column_35,False,name,59,None
CommonGovernment_11,column_41,CommonGovernment_11+column_41,False,code,109,code
CommonGovernment_11,column_42,CommonGovernment_11+column_42,False,description,50,description
CommonGovernment_11,column_44,CommonGovernment_11+column_44,False,description,111,description
CommonGovernment_11,column_49,CommonGovernment_11+column_49,False,name,96,None
CommonGovernment_11,column_55,CommonGovernment_11+column_55,False,year,16,year
CommonGovernment_12,column_3,CommonGovernment_12+column_3,False,name,1,None
CommonGovernment_12,column_6,CommonGovernment_12+column_6,False,type,83,type
CommonGovernment_12,column_7,CommonGovernment_12+column_7,False,code,86,None
CommonGovernment_12,column_13,CommonGovernment_12+column_13,False,type,86,None
CommonGovernment_12,column_15,CommonGovernment_12+column_15,False,state,89,None
CommonGovernment_12,column_16,CommonGovernment_12+column_16,False,code,57,code
CommonGovernment_12,column_22,CommonGovernment_12+column_22,False,description,1,None
CommonGovernment_12,column_32,CommonGovernment_12+column_32,False,category,79,category
CommonGovernment_12,column_33,CommonGovernment_12+column_33,False,category,102,category
CommonGovernment_12,column_34,CommonGovernment_12+column_34,False,code,98,None
CommonGovernment_12,column_42,CommonGovernment_12+column_42,False,description,50,description
CommonGovernment_12,column_43,CommonGovernment_12+column_43,False,code,109,code
CommonGovernment_12,column_44,CommonGovernment_12+column_44,False,description,111,description
CommonGovernment_12,column_49,CommonGovernment_12+column_49,False,name,96,None
CommonGovernment_12,column_53,CommonGovernment_12+column_53,False,name,37,None
CommonGovernment_12,column_55,CommonGovernment_12+column_55,False,year,16,year
CommonGovernment_13,column_3,CommonGovernment_13+column_3,False,name,1,None
CommonGovernment_13,column_4,CommonGovernment_13+column_4,False,code,57,code
CommonGovernment_13,column_6,CommonGovernment_13+column_6,False,type,83,type
CommonGovernment_13,column_7,CommonGovernment_13+column_7,False,code,86,None
CommonGovernment_13,column_11,CommonGovernment_13+column_11,False,code,65,code
CommonGovernment_13,column_13,CommonGovernment_13+column_13,False,type,86,None
CommonGovernment_13,column_15,CommonGovernment_13+column_15,False,state,89,None
CommonGovernment_13,column_16,CommonGovernment_13+column_16,False,code,57,code
CommonGovernment_13,column_22,CommonGovernment_13+column_22,False,description,1,None
CommonGovernment_13,column_28,CommonGovernment_13+column_28,False,name,1,None
CommonGovernment_13,column_32,CommonGovernment_13+column_32,False,category,79,category
CommonGovernment_13,column_33,CommonGovernment_13+column_33,False,category,102,category
CommonGovernment_13,column_35,CommonGovernment_13+column_35,False,name,59,None
CommonGovernment_13,column_41,CommonGovernment_13+column_41,False,code,109,code
CommonGovernment_13,column_42,CommonGovernment_13+column_42,False,description,50,description
CommonGovernment_13,column_43,CommonGovernment_13+column_43,False,code,109,code
CommonGovernment_13,column_49,CommonGovernment_13+column_49,False,name,96,None
CommonGovernment_13,column_53,CommonGovernment_13+column_53,False,name,37,None
CommonGovernment_13,column_55,CommonGovernment_13+column_55,False,year,16,year
CommonGovernment_1,column_3,CommonGovernment_1+column_3,False,name,1,None
CommonGovernment_1,column_4,CommonGovernment_1+column_4,False,code,57,code
CommonGovernment_1,column_6,CommonGovernment_1+column_6,False,type,83,type
CommonGovernment_1,column_7,CommonGovernment_1+column_7,False,code,86,None
CommonGovernment_1,column_8,CommonGovernment_1+column_8,False,type,131,None
CommonGovernment_1,column_11,CommonGovernment_1+column_11,False,code,65,code
CommonGovernment_1,column_13,CommonGovernment_1+column_13,False,type,86,None
CommonGovernment_1,column_14,CommonGovernment_1+column_14,False,name,68,None
CommonGovernment_1,column_15,CommonGovernment_1+column_15,False,state,89,None
CommonGovernment_1,column_16,CommonGovernment_1+column_16,False,code,57,code
CommonGovernment_1,column_22,CommonGovernment_1+column_22,False,description,1,None
CommonGovernment_1,column_28,CommonGovernment_1+column_28,False,name,1,None
CommonGovernment_1,column_32,CommonGovernment_1+column_32,False,category,79,category
CommonGovernment_1,column_33,CommonGovernment_1+column_33,False,category,102,category
CommonGovernment_1,column_34,CommonGovernment_1+column_34,False,code,98,None
CommonGovernment_1,column_43,CommonGovernment_1+column_43,False,code,109,code
CommonGovernment_1,column_49,CommonGovernment_1+column_49,False,name,96,None
CommonGovernment_1,column_53,CommonGovernment_1+column_53,False,name,37,None
CommonGovernment_1,column_55,CommonGovernment_1+column_55,False,year,16,year
CommonGovernment_2,column_3,CommonGovernment_2+column_3,False,name,1,None
CommonGovernment_2,column_4,CommonGovernment_2+column_4,False,code,57,code
CommonGovernment_2,column_6,CommonGovernment_2+column_6,False,type,83,type
CommonGovernment_2,column_7,CommonGovernment_2+column_7,False,code,86,None
CommonGovernment_2,column_8,CommonGovernment_2+column_8,False,type,131,None
CommonGovernment_2,column_11,CommonGovernment_2+column_11,False,code,65,code
CommonGovernment_2,column_12,CommonGovernment_2+column_12,False,name,105,name
CommonGovernment_2,column_13,CommonGovernment_2+column_13,False,type,86,None
CommonGovernment_2,column_15,CommonGovernment_2+column_15,False,state,89,None
CommonGovernment_2,column_16,CommonGovernment_2+column_16,False,code,57,code
CommonGovernment_2,column_22,CommonGovernment_2+column_22,False,description,1,None
CommonGovernment_2,column_32,CommonGovernment_2+column_32,False,category,79,category
CommonGovernment_2,column_33,CommonGovernment_2+column_33,False,category,102,category
CommonGovernment_2,column_34,CommonGovernment_2+column_34,False,code,98,None
CommonGovernment_2,column_41,CommonGovernment_2+column_41,False,code,109,code
CommonGovernment_2,column_43,CommonGovernment_2+column_43,False,code,109,code
CommonGovernment_2,column_49,CommonGovernment_2+column_49,False,name,96,None
CommonGovernment_2,column_53,CommonGovernment_2+column_53,False,name,37,None
CommonGovernment_3,column_3,CommonGovernment_3+column_3,False,name,1,None
CommonGovernment_3,column_4,CommonGovernment_3+column_4,False,code,57,code
CommonGovernment_3,column_7,CommonGovernment_3+column_7,False,code,86,None
CommonGovernment_3,column_8,CommonGovernment_3+column_8,False,type,131,None
CommonGovernment_3,column_11,CommonGovernment_3+column_11,False,code,65,code
CommonGovernment_3,column_13,CommonGovernment_3+column_13,False,type,86,None
CommonGovernment_3,column_14,CommonGovernment_3+column_14,False,name,68,None
CommonGovernment_3,column_15,CommonGovernment_3+column_15,False,state,89,None
CommonGovernment_3,column_16,CommonGovernment_3+column_16,False,code,57,code
CommonGovernment_3,column_28,CommonGovernment_3+column_28,False,name,1,None
CommonGovernment_3,column_32,CommonGovernment_3+column_32,False,category,79,category
CommonGovernment_3,column_33,CommonGovernment_3+column_33,False,category,102,category
CommonGovernment_3,column_35,CommonGovernment_3+column_35,False,name,59,None
CommonGovernment_3,column_41,CommonGovernment_3+column_41,False,code,109,code
CommonGovernment_3,column_42,CommonGovernment_3+column_42,False,description,50,description
CommonGovernment_3,column_44,CommonGovernment_3+column_44,False,description,111,description
CommonGovernment_3,column_49,CommonGovernment_3+column_49,False,name,96,None
CommonGovernment_3,column_53,CommonGovernment_3+column_53,False,name,37,None
CommonGovernment_4,column_3,CommonGovernment_4+column_3,False,name,1,None
CommonGovernment_4,column_4,CommonGovernment_4+column_4,False,code,57,code
CommonGovernment_4,column_7,CommonGovernment_4+column_7,False,code,86,None
CommonGovernment_4,column_8,CommonGovernment_4+column_8,False,type,131,None
CommonGovernment_4,column_12,CommonGovernment_4+column_12,False,name,105,name
CommonGovernment_4,column_13,CommonGovernment_4+column_13,False,type,86,None
CommonGovernment_4,column_14,CommonGovernment_4+column_14,False,name,68,None
CommonGovernment_4,column_15,CommonGovernment_4+column_15,False,state,89,None
CommonGovernment_4,column_16,CommonGovernment_4+column_16,False,code,57,code
CommonGovernment_4,column_22,CommonGovernment_4+column_22,False,description,1,None
CommonGovernment_4,column_28,CommonGovernment_4+column_28,False,name,1,None
CommonGovernment_4,column_32,CommonGovernment_4+column_32,False,category,79,category
CommonGovernment_4,column_34,CommonGovernment_4+column_34,False,code,98,None
CommonGovernment_4,column_41,CommonGovernment_4+column_41,False,code,109,code
CommonGovernment_4,column_42,CommonGovernment_4+column_42,False,description,50,description
CommonGovernment_4,column_43,CommonGovernment_4+column_43,False,code,109,code
CommonGovernment_4,column_44,CommonGovernment_4+column_44,False,description,111,description
CommonGovernment_4,column_49,CommonGovernment_4+column_49,False,name,96,None
CommonGovernment_4,column_53,CommonGovernment_4+column_53,False,name,37,None
CommonGovernment_4,column_55,CommonGovernment_4+column_55,False,year,16,year
CommonGovernment_5,column_4,CommonGovernment_5+column_4,False,code,57,code
CommonGovernment_5,column_6,CommonGovernment_5+column_6,False,type,83,type
CommonGovernment_5,column_7,CommonGovernment_5+column_7,False,code,86,None
CommonGovernment_5,column_8,CommonGovernment_5+column_8,False,type,131,None
CommonGovernment_5,column_11,CommonGovernment_5+column_11,False,code,65,code
CommonGovernment_5,column_12,CommonGovernment_5+column_12,False,name,105,name
CommonGovernment_5,column_13,CommonGovernment_5+column_13,False,type,86,None
CommonGovernment_5,column_15,CommonGovernment_5+column_15,False,state,89,None
CommonGovernment_5,column_16,CommonGovernment_5+column_16,False,code,57,code
CommonGovernment_5,column_22,CommonGovernment_5+column_22,False,description,1,None
CommonGovernment_5,column_28,CommonGovernment_5+column_28,False,name,1,None
CommonGovernment_5,column_33,CommonGovernment_5+column_33,False,category,102,category
CommonGovernment_5,column_34,CommonGovernment_5+column_34,False,code,98,None
CommonGovernment_5,column_35,CommonGovernment_5+column_35,False,name,59,None
CommonGovernment_5,column_41,CommonGovernment_5+column_41,False,code,109,code
CommonGovernment_5,column_42,CommonGovernment_5+column_42,False,description,50,description
CommonGovernment_5,column_43,CommonGovernment_5+column_43,False,code,109,code
CommonGovernment_5,column_44,CommonGovernment_5+column_44,False,description,111,description
CommonGovernment_5,column_49,CommonGovernment_5+column_49,False,name,96,None
CommonGovernment_5,column_53,CommonGovernment_5+column_53,False,name,37,None
CommonGovernment_5,column_55,CommonGovernment_5+column_55,False,year,16,year
CommonGovernment_6,column_3,CommonGovernment_6+column_3,False,name,1,None
CommonGovernment_6,column_6,CommonGovernment_6+column_6,False,type,83,type
CommonGovernment_6,column_7,CommonGovernment_6+column_7,False,code,86,None
CommonGovernment_6,column_8,CommonGovernment_6+column_8,False,type,131,None
CommonGovernment_6,column_11,CommonGovernment_6+column_11,False,code,65,code
CommonGovernment_6,column_12,CommonGovernment_6+column_12,False,name,105,name
CommonGovernment_6,column_13,CommonGovernment_6+column_13,False,type,86,None
CommonGovernment_6,column_15,CommonGovernment_6+column_15,False,state,89,None
CommonGovernment_6,column_16,CommonGovernment_6+column_16,False,code,57,code
CommonGovernment_6,column_33,CommonGovernment_6+column_33,False,category,102,category
CommonGovernment_6,column_34,CommonGovernment_6+column_34,False,code,98,None
CommonGovernment_6,column_35,CommonGovernment_6+column_35,False,name,59,None
CommonGovernment_6,column_41,CommonGovernment_6+column_41,False,code,109,code
CommonGovernment_6,column_42,CommonGovernment_6+column_42,False,description,50,description
CommonGovernment_6,column_53,CommonGovernment_6+column_53,False,name,37,None
CommonGovernment_7,column_3,CommonGovernment_7+column_3,False,name,1,None
CommonGovernment_7,column_7,CommonGovernment_7+column_7,False,code,86,None
CommonGovernment_7,column_8,CommonGovernment_7+column_8,False,type,131,None
CommonGovernment_7,column_11,CommonGovernment_7+column_11,False,code,65,code
CommonGovernment_7,column_12,CommonGovernment_7+column_12,False,name,105,name
CommonGovernment_7,column_13,CommonGovernment_7+column_13,False,type,86,None
CommonGovernment_7,column_14,CommonGovernment_7+column_14,False,name,68,None
CommonGovernment_7,column_16,CommonGovernment_7+column_16,False,code,57,code
CommonGovernment_7,column_22,CommonGovernment_7+column_22,False,description,1,None
CommonGovernment_7,column_32,CommonGovernment_7+column_32,False,category,79,category
CommonGovernment_7,column_34,CommonGovernment_7+column_34,False,code,98,None
CommonGovernment_7,column_35,CommonGovernment_7+column_35,False,name,59,None
CommonGovernment_7,column_42,CommonGovernment_7+column_42,False,description,50,description
CommonGovernment_7,column_43,CommonGovernment_7+column_43,False,code,109,code
CommonGovernment_7,column_53,CommonGovernment_7+column_53,False,name,37,None
CommonGovernment_7,column_55,CommonGovernment_7+column_55,False,year,16,year
CommonGovernment_8,column_3,CommonGovernment_8+column_3,False,name,1,None
CommonGovernment_8,column_4,CommonGovernment_8+column_4,False,code,57,code
CommonGovernment_8,column_6,CommonGovernment_8+column_6,False,type,83,type
CommonGovernment_8,column_8,CommonGovernment_8+column_8,False,type,131,None
CommonGovernment_8,column_14,CommonGovernment_8+column_14,False,name,68,None
CommonGovernment_8,column_16,CommonGovernment_8+column_16,False,code,57,code
CommonGovernment_8,column_22,CommonGovernment_8+column_22,False,description,1,None
CommonGovernment_8,column_28,CommonGovernment_8+column_28,False,name,1,None
CommonGovernment_8,column_32,CommonGovernment_8+column_32,False,category,79,category
CommonGovernment_8,column_34,CommonGovernment_8+column_34,False,code,98,None
CommonGovernment_8,column_41,CommonGovernment_8+column_41,False,code,109,code
CommonGovernment_8,column_43,CommonGovernment_8+column_43,False,code,109,code
CommonGovernment_8,column_44,CommonGovernment_8+column_44,False,description,111,description
CommonGovernment_8,column_49,CommonGovernment_8+column_49,False,name,96,None
CommonGovernment_8,column_53,CommonGovernment_8+column_53,False,name,37,None
CommonGovernment_8,column_55,CommonGovernment_8+column_55,False,year,16,year
CommonGovernment_9,column_3,CommonGovernment_9+column_3,False,name,1,None
CommonGovernment_9,column_4,CommonGovernment_9+column_4,False,code,57,code
CommonGovernment_9,column_7,CommonGovernment_9+column_7,False,code,86,None
CommonGovernment_9,column_8,CommonGovernment_9+column_8,False,type,131,None
CommonGovernment_9,column_11,CommonGovernment_9+column_11,False,code,65,code
CommonGovernment_9,column_13,CommonGovernment_9+column_13,False,type,86,None
CommonGovernment_9,column_14,CommonGovernment_9+column_14,False,name,68,None
CommonGovernment_9,column_15,CommonGovernment_9+column_15,False,state,89,None
CommonGovernment_9,column_16,CommonGovernment_9+column_16,False,code,57,code
CommonGovernment_9,column_28,CommonGovernment_9+column_28,False,name,1,None
CommonGovernment_9,column_32,CommonGovernment_9+column_32,False,category,79,category
CommonGovernment_9,column_34,CommonGovernment_9+column_34,False,code,98,None
CommonGovernment_9,column_42,CommonGovernment_9+column_42,False,description,50,description
CommonGovernment_9,column_43,CommonGovernment_9+column_43,False,code,109,code
CommonGovernment_9,column_44,CommonGovernment_9+column_44,False,description,111,description
CommonGovernment_9,column_49,CommonGovernment_9+column_49,False,name,96,None
CommonGovernment_9,column_55,CommonGovernment_9+column_55,False,year,16,year
Corporations_1,column_4,Corporations_1+column_4,False,city,53,None
Corporations_1,column_6,Corporations_1+column_6,False,country,127,None
Corporations_1,column_16,Corporations_1+column_16,False,location,53,None
Corporations_1,column_17,Corporations_1+column_17,False,description,5,address
Corporations_1,column_20,Corporations_1+column_20,False,region,5,address
Corporations_1,column_22,Corporations_1+column_22,False,description,5,address
HashTags_1,column_1,HashTags_1+column_1,False,gender,235,None
HashTags_1,column_6,HashTags_1+column_6,False,name,25,name
HashTags_1,column_7,HashTags_1+column_7,False,name,27,None
HashTags_1,column_20,HashTags_1+column_20,False,type,143,None
HashTags_1,column_29,HashTags_1+column_29,False,name,5,address
HashTags_1,column_32,HashTags_1+column_32,False,language,42,language
HashTags_1,column_37,HashTags_1+column_37,False,country,5,address
HashTags_1,column_38,HashTags_1+column_38,False,code,5,address
HashTags_1,column_39,HashTags_1+column_39,False,state,5,address
HashTags_1,column_42,HashTags_1+column_42,False,type,5,address
HashTags_1,column_48,HashTags_1+column_48,False,description,132,None
HashTags_1,column_55,HashTags_1+column_55,False,language,42,language
HashTags_1,column_57,HashTags_1+column_57,False,location,214,None
Hatred_1,column_0,Hatred_1+column_0,False,city,52,None
Hatred_1,column_18,Hatred_1+column_18,False,type,227,None
Hatred_1,column_20,Hatred_1+column_20,False,name,17,None
Hatred_1,column_23,Hatred_1+column_23,False,location,210,None
Hatred_1,column_24,Hatred_1+column_24,False,state,26,state
Hatred_1,column_29,Hatred_1+column_29,False,name,27,None
Hatred_1,column_30,Hatred_1+column_30,False,description,175,None
IGlocations1_1,column_3,IGlocations1_1+column_3,False,city,187,None
IGlocations1_1,column_17,IGlocations1_1+column_17,False,state,169,None
IGlocations2_1,column_2,IGlocations2_1+column_2,False,city,29,city
IGlocations2_1,column_10,IGlocations2_1+column_10,False,type,120,None
IGlocations2_1,column_12,IGlocations2_1+column_12,False,state,74,None
IGlocations2_1,column_13,IGlocations2_1+column_13,False,state,74,None
IGlocations2_2,column_10,IGlocations2_2+column_10,False,type,120,None
IGlocations2_2,column_12,IGlocations2_2+column_12,False,state,74,None
IGlocations2_2,column_13,IGlocations2_2+column_13,False,state,74,None
IGlocations2_2,column_14,IGlocations2_2+column_14,False,name,153,None
IUBLibrary_1,column_0,IUBLibrary_1+column_0,False,name,217,None
IUBLibrary_1,column_4,IUBLibrary_1+column_4,False,class,171,None
IUBLibrary_1,column_11,IUBLibrary_1+column_11,False,type,121,None
IUBLibrary_1,column_17,IUBLibrary_1+column_17,False,year,238,None
Medicare1_1,column_8,Medicare1_1+column_8,False,name,3,None
Medicare1_1,column_10,Medicare1_1+column_10,False,name,3,None
Medicare1_1,column_12,Medicare1_1+column_12,False,city,150,city
Medicare1_1,column_15,Medicare1_1+column_15,False,state,26,state
Medicare1_1,column_17,Medicare1_1+column_17,False,description,41,None
Medicare1_1,column_25,Medicare1_1+column_25,False,day,7,day
Medicare1_2,column_7,Medicare1_2+column_7,False,description,207,None
Medicare1_2,column_8,Medicare1_2+column_8,False,name,3,None
Medicare1_2,column_10,Medicare1_2+column_10,False,name,3,None
Medicare1_2,column_12,Medicare1_2+column_12,False,city,150,city
Medicare1_2,column_15,Medicare1_2+column_15,False,state,26,state
Medicare1_2,column_17,Medicare1_2+column_17,False,description,41,None
Medicare1_2,column_20,Medicare1_2+column_20,False,day,88,day
Medicare2_1,column_13,Medicare2_1+column_13,False,city,150,city
Medicare2_1,column_14,Medicare2_1+column_14,False,country,92,country
Medicare2_1,column_15,Medicare2_1+column_15,False,name,72,None
Medicare2_1,column_16,Medicare2_1+column_16,False,gender,82,gender
Medicare2_1,column_20,Medicare2_1+column_20,False,address,95,address
Medicare2_1,column_24,Medicare2_1+column_24,False,type,107,type
Medicare2_2,column_7,Medicare2_2+column_7,False,description,58,description
Medicare2_2,column_12,Medicare2_2+column_12,False,code,199,code
Medicare2_2,column_13,Medicare2_2+column_13,False,city,150,city
Medicare2_2,column_15,Medicare2_2+column_15,False,name,72,None
Medicare2_2,column_16,Medicare2_2+column_16,False,gender,82,gender
Medicare2_2,column_20,Medicare2_2+column_20,False,address,95,address
Medicare2_2,column_24,Medicare2_2+column_24,False,type,107,type
Medicare3_1,column_5,Medicare3_1+column_5,False,code,46,None
Medicare3_1,column_6,Medicare3_1+column_6,False,description,18,None
Medicare3_1,column_12,Medicare3_1+column_12,False,code,199,code
Medicare3_1,column_13,Medicare3_1+column_13,False,city,150,city
Medicare3_1,column_15,Medicare3_1+column_15,False,name,72,None
Medicare3_1,column_16,Medicare3_1+column_16,False,gender,82,gender
Medicare3_1,column_20,Medicare3_1+column_20,False,address,95,address
MedPayment1_1,column_6,MedPayment1_1+column_6,False,code,46,None
MedPayment1_1,column_7,MedPayment1_1+column_7,False,description,58,description
MedPayment1_1,column_12,MedPayment1_1+column_12,False,code,199,code
MedPayment1_1,column_14,MedPayment1_1+column_14,False,country,92,country
MedPayment1_1,column_15,MedPayment1_1+column_15,False,name,72,None
MedPayment1_1,column_16,MedPayment1_1+column_16,False,gender,82,gender
MedPayment1_1,column_19,MedPayment1_1+column_19,False,state,26,state
MedPayment1_1,column_24,MedPayment1_1+column_24,False,type,107,type
MedPayment2_1,column_6,MedPayment2_1+column_6,False,code,46,None
MedPayment2_1,column_7,MedPayment2_1+column_7,False,description,58,description
MedPayment2_1,column_12,MedPayment2_1+column_12,False,code,199,code
MedPayment2_1,column_13,MedPayment2_1+column_13,False,city,150,city
MedPayment2_1,column_14,MedPayment2_1+column_14,False,country,92,country
MedPayment2_1,column_15,MedPayment2_1+column_15,False,name,72,None
MedPayment2_1,column_19,MedPayment2_1+column_19,False,state,26,state
MLB_10,column_27,MLB_10+column_27,False,name,6,name
MLB_10,column_32,MLB_10+column_32,False,teamName,225,None
MLB_10,column_37,MLB_10+column_37,False,year,16,year
MLB_11,column_27,MLB_11+column_27,False,name,6,name
MLB_11,column_29,MLB_11+column_29,False,team,13,team
MLB_11,column_37,MLB_11+column_37,False,year,16,year
MLB_12,column_37,MLB_12+column_37,False,team,13,team
MLB_12,column_45,MLB_12+column_45,False,year,16,year
MLB_13,column_33,MLB_13+column_33,False,name,200,None
MLB_13,column_40,MLB_13+column_40,False,teamName,189,None
MLB_13,column_45,MLB_13+column_45,False,year,16,year
MLB_14,column_33,MLB_14+column_33,False,name,173,None
MLB_14,column_37,MLB_14+column_37,False,team,221,None
MLB_14,column_40,MLB_14+column_40,False,teamName,180,None
MLB_14,column_45,MLB_14+column_45,False,year,16,year
MLB_15,column_52,MLB_15+column_52,False,name,6,name
MLB_15,column_56,MLB_15+column_56,False,team,13,team
MLB_15,column_57,MLB_15+column_57,False,teamName,220,None
MLB_15,column_58,MLB_15+column_58,False,team,13,team
MLB_15,column_65,MLB_15+column_65,False,year,16,year
MLB_16,column_52,MLB_16+column_52,False,name,6,name
MLB_16,column_57,MLB_16+column_57,False,teamName,219,None
MLB_16,column_58,MLB_16+column_58,False,team,13,team
MLB_16,column_60,MLB_16+column_60,False,teamName,223,None
MLB_17,column_52,MLB_17+column_52,False,name,6,name
MLB_17,column_57,MLB_17+column_57,False,teamName,240,None
MLB_17,column_65,MLB_17+column_65,False,year,16,year
MLB_18,column_52,MLB_18+column_52,False,name,118,None
MLB_18,column_56,MLB_18+column_56,False,team,13,team
MLB_18,column_58,MLB_18+column_58,False,team,13,team
MLB_18,column_65,MLB_18+column_65,False,year,16,year
MLB_19,column_50,MLB_19+column_50,False,team,229,None
MLB_19,column_58,MLB_19+column_58,False,year,16,year
MLB_1,column_33,MLB_1+column_33,False,name,212,None
MLB_1,column_40,MLB_1+column_40,False,teamName,159,None
MLB_1,column_45,MLB_1+column_45,False,year,16,year
MLB_20,column_50,MLB_20+column_50,False,team,14,None
MLB_20,column_52,MLB_20+column_52,False,teamName,182,None
MLB_20,column_58,MLB_20+column_58,False,year,16,year
MLB_21,column_47,MLB_21+column_47,False,name,206,None
MLB_21,column_52,MLB_21+column_52,False,teamName,201,None
MLB_22,column_47,MLB_22+column_47,False,name,6,name
MLB_22,column_51,MLB_22+column_51,False,team,13,team
MLB_22,column_53,MLB_22+column_53,False,teamName,0,None
MLB_22,column_58,MLB_22+column_58,False,year,16,year
MLB_23,column_51,MLB_23+column_51,False,team,13,team
MLB_24,column_47,MLB_24+column_47,False,name,6,name
MLB_24,column_58,MLB_24+column_58,False,year,16,year
MLB_25,column_47,MLB_25+column_47,False,name,241,None
MLB_25,column_50,MLB_25+column_50,False,team,13,team
MLB_25,column_52,MLB_25+column_52,False,state,48,None
MLB_25,column_58,MLB_25+column_58,False,year,16,year
MLB_26,column_50,MLB_26+column_50,False,team,13,team
MLB_26,column_52,MLB_26+column_52,False,state,48,None
MLB_26,column_53,MLB_26+column_53,False,teamName,0,None
MLB_26,column_58,MLB_26+column_58,False,year,16,year
MLB_27,column_50,MLB_27+column_50,False,team,13,team
MLB_27,column_53,MLB_27+column_53,False,teamName,0,None
MLB_27,column_58,MLB_27+column_58,False,year,16,year
MLB_28,column_47,MLB_28+column_47,False,name,218,None
MLB_28,column_52,MLB_28+column_52,False,state,48,None
MLB_28,column_53,MLB_28+column_53,False,teamName,188,None
MLB_29,column_47,MLB_29+column_47,False,name,233,None
MLB_29,column_50,MLB_29+column_50,False,team,13,team
MLB_29,column_52,MLB_29+column_52,False,state,48,None
MLB_29,column_53,MLB_29+column_53,False,teamName,231,None
MLB_29,column_58,MLB_29+column_58,False,year,16,year
MLB_2,column_1,MLB_2+column_1,False,description,33,None
MLB_2,column_5,MLB_2+column_5,False,name,6,name
MLB_2,column_18,MLB_2+column_18,False,name,6,name
MLB_2,column_22,MLB_2+column_22,False,year,16,year
MLB_30,column_47,MLB_30+column_47,False,name,6,name
MLB_30,column_50,MLB_30+column_50,False,team,13,team
MLB_30,column_52,MLB_30+column_52,False,state,48,None
MLB_31,column_50,MLB_31+column_50,False,team,2,None
MLB_31,column_52,MLB_31+column_52,False,teamName,93,None
MLB_31,column_57,MLB_31+column_57,False,year,16,year
MLB_32,column_47,MLB_32+column_47,False,name,185,None
MLB_32,column_50,MLB_32+column_50,False,team,13,team
MLB_32,column_52,MLB_32+column_52,False,teamName,222,None
MLB_32,column_57,MLB_32+column_57,False,year,16,year
MLB_33,column_50,MLB_33+column_50,False,team,13,team
MLB_33,column_52,MLB_33+column_52,False,teamName,176,None
MLB_33,column_57,MLB_33+column_57,False,year,16,year
MLB_34,column_47,MLB_34+column_47,False,name,186,None
MLB_34,column_57,MLB_34+column_57,False,year,16,year
MLB_35,column_47,MLB_35+column_47,False,name,196,None
MLB_35,column_50,MLB_35+column_50,False,team,13,team
MLB_35,column_57,MLB_35+column_57,False,year,16,year
MLB_36,column_47,MLB_36+column_47,False,name,91,None
MLB_36,column_50,MLB_36+column_50,False,team,13,team
MLB_36,column_52,MLB_36+column_52,False,teamName,174,None
MLB_36,column_57,MLB_36+column_57,False,year,16,year
MLB_37,column_47,MLB_37+column_47,False,name,209,None
MLB_37,column_50,MLB_37+column_50,False,team,236,None
MLB_37,column_52,MLB_37+column_52,False,teamName,202,None
MLB_37,column_57,MLB_37+column_57,False,year,16,year
MLB_38,column_35,MLB_38+column_35,False,name,6,name
MLB_38,column_41,MLB_38+column_41,False,teamName,0,None
MLB_38,column_46,MLB_38+column_46,False,year,16,year
MLB_39,column_35,MLB_39+column_35,False,name,6,name
MLB_39,column_38,MLB_39+column_38,False,team,13,team
MLB_39,column_41,MLB_39+column_41,False,teamName,0,None
MLB_39,column_46,MLB_39+column_46,False,year,16,year
MLB_3,column_1,MLB_3+column_1,False,description,33,None
MLB_3,column_4,MLB_3+column_4,False,type,49,None
MLB_3,column_5,MLB_3+column_5,False,name,6,name
MLB_3,column_6,MLB_3+column_6,False,day,7,day
MLB_3,column_18,MLB_3+column_18,False,name,6,name
MLB_3,column_22,MLB_3+column_22,False,year,16,year
MLB_4,column_1,MLB_4+column_1,False,description,33,None
MLB_4,column_2,MLB_4+column_2,False,team,38,team
MLB_4,column_4,MLB_4+column_4,False,type,49,None
MLB_4,column_5,MLB_4+column_5,False,name,6,name
MLB_4,column_9,MLB_4+column_9,False,team,38,team
MLB_4,column_22,MLB_4+column_22,False,year,16,year
MLB_40,column_41,MLB_40+column_41,False,teamName,0,None
MLB_40,column_46,MLB_40+column_46,False,year,16,year
MLB_41,column_44,MLB_41+column_44,False,type,9,None
MLB_41,column_45,MLB_41+column_45,False,name,108,None
MLB_41,column_50,MLB_41+column_50,False,teamName,197,None
MLB_41,column_55,MLB_41+column_55,False,year,16,year
MLB_42,column_44,MLB_42+column_44,False,type,9,None
MLB_42,column_45,MLB_42+column_45,False,name,224,None
MLB_42,column_48,MLB_42+column_48,False,team,13,team
MLB_43,column_44,MLB_43+column_44,False,type,9,None
MLB_43,column_45,MLB_43+column_45,False,name,211,None
MLB_43,column_50,MLB_43+column_50,False,teamName,195,None
MLB_44,column_44,MLB_44+column_44,False,type,9,None
MLB_44,column_45,MLB_44+column_45,False,name,110,None
MLB_44,column_48,MLB_44+column_48,False,team,2,None
MLB_44,column_50,MLB_44+column_50,False,teamName,205,None
MLB_44,column_55,MLB_44+column_55,False,year,16,year
MLB_45,column_52,MLB_45+column_52,False,name,192,None
MLB_45,column_56,MLB_45+column_56,False,team,208,None
MLB_45,column_58,MLB_45+column_58,False,teamName,151,None
MLB_45,column_63,MLB_45+column_63,False,year,16,year
MLB_46,column_52,MLB_46+column_52,False,name,148,None
MLB_46,column_56,MLB_46+column_56,False,team,203,None
MLB_46,column_58,MLB_46+column_58,False,teamName,155,None
MLB_47,column_52,MLB_47+column_52,False,name,162,None
MLB_47,column_56,MLB_47+column_56,False,team,2,None
MLB_47,column_58,MLB_47+column_58,False,teamName,154,None
MLB_47,column_63,MLB_47+column_63,False,year,16,year
MLB_48,column_52,MLB_48+column_52,False,name,168,None
MLB_48,column_58,MLB_48+column_58,False,teamName,156,None
MLB_49,column_47,MLB_49+column_47,False,name,87,None
MLB_49,column_51,MLB_49+column_51,False,team,234,None
MLB_49,column_54,MLB_49+column_54,False,teamName,158,None
MLB_49,column_59,MLB_49+column_59,False,year,16,year
MLB_50,column_47,MLB_50+column_47,False,name,194,None
MLB_50,column_54,MLB_50+column_54,False,teamName,157,None
MLB_50,column_59,MLB_50+column_59,False,year,16,year
MLB_51,column_47,MLB_51+column_47,False,name,163,None
MLB_51,column_51,MLB_51+column_51,False,team,216,None
MLB_53,column_52,MLB_53+column_52,False,name,213,None
MLB_53,column_56,MLB_53+column_56,False,team,13,team
MLB_53,column_58,MLB_53+column_58,False,teamName,165,None
MLB_53,column_63,MLB_53+column_63,False,year,16,year
MLB_54,column_52,MLB_54+column_52,False,name,104,None
MLB_54,column_56,MLB_54+column_56,False,team,13,team
MLB_54,column_58,MLB_54+column_58,False,teamName,166,None
MLB_54,column_63,MLB_54+column_63,False,year,16,year
MLB_55,column_52,MLB_55+column_52,False,name,190,None
MLB_55,column_56,MLB_55+column_56,False,team,13,team
MLB_55,column_58,MLB_55+column_58,False,teamName,152,None
MLB_56,column_52,MLB_56+column_52,False,name,103,None
MLB_56,column_56,MLB_56+column_56,False,team,14,None
MLB_56,column_63,MLB_56+column_63,False,year,16,year
MLB_58,column_54,MLB_58+column_54,False,name,138,None
MLB_58,column_57,MLB_58+column_57,False,team,178,None
MLB_58,column_59,MLB_58+column_59,False,teamName,124,None
MLB_59,column_54,MLB_59+column_54,False,name,128,None
MLB_59,column_57,MLB_59+column_57,False,team,172,None
MLB_59,column_59,MLB_59+column_59,False,teamName,242,None
MLB_59,column_65,MLB_59+column_65,False,year,16,year
MLB_5,column_1,MLB_5+column_1,False,description,33,None
MLB_5,column_2,MLB_5+column_2,False,team,38,team
MLB_5,column_5,MLB_5+column_5,False,type,49,None
MLB_5,column_6,MLB_5+column_6,False,name,6,name
MLB_5,column_8,MLB_5+column_8,False,day,7,day
MLB_5,column_11,MLB_5+column_11,False,day,140,day
MLB_5,column_12,MLB_5+column_12,False,team,38,team
MLB_5,column_22,MLB_5+column_22,False,name,6,name
MLB_5,column_27,MLB_5+column_27,False,year,16,year
MLB_6,column_1,MLB_6+column_1,False,description,33,None
MLB_6,column_2,MLB_6+column_2,False,team,38,team
MLB_6,column_5,MLB_6+column_5,False,type,49,None
MLB_6,column_6,MLB_6+column_6,False,name,6,name
MLB_6,column_8,MLB_6+column_8,False,day,7,day
MLB_6,column_12,MLB_6+column_12,False,team,38,team
MLB_6,column_22,MLB_6+column_22,False,name,6,name
MLB_6,column_27,MLB_6+column_27,False,year,16,year
MLB_60,column_54,MLB_60+column_54,False,name,75,None
MLB_60,column_59,MLB_60+column_59,False,teamName,136,None
MLB_61,column_54,MLB_61+column_54,False,name,126,None
MLB_61,column_57,MLB_61+column_57,False,team,170,None
MLB_62,column_54,MLB_62+column_54,False,name,144,None
MLB_62,column_59,MLB_62+column_59,False,teamName,71,None
MLB_63,column_51,MLB_63+column_51,False,name,6,name
MLB_63,column_56,MLB_63+column_56,False,team,13,team
MLB_63,column_59,MLB_63+column_59,False,teamName,0,None
MLB_63,column_64,MLB_63+column_64,False,year,16,year
MLB_64,column_51,MLB_64+column_51,False,name,6,name
MLB_64,column_52,MLB_64+column_52,False,day,140,day
MLB_64,column_56,MLB_64+column_56,False,team,13,team
MLB_64,column_58,MLB_64+column_58,False,team,38,team
MLB_64,column_59,MLB_64+column_59,False,teamName,0,None
MLB_64,column_64,MLB_64+column_64,False,year,16,year
MLB_65,column_51,MLB_65+column_51,False,name,6,name
MLB_65,column_52,MLB_65+column_52,False,day,140,day
MLB_65,column_56,MLB_65+column_56,False,team,13,team
MLB_65,column_59,MLB_65+column_59,False,teamName,0,None
MLB_65,column_64,MLB_65+column_64,False,year,16,year
MLB_66,column_1,MLB_66+column_1,False,description,33,None
MLB_66,column_5,MLB_66+column_5,False,type,49,None
MLB_66,column_6,MLB_66+column_6,False,name,6,name
MLB_66,column_8,MLB_66+column_8,False,day,7,day
MLB_66,column_13,MLB_66+column_13,False,team,38,team
MLB_66,column_23,MLB_66+column_23,False,name,6,name
MLB_67,column_1,MLB_67+column_1,False,description,33,None
MLB_67,column_2,MLB_67+column_2,False,team,38,team
MLB_67,column_4,MLB_67+column_4,False,type,49,None
MLB_67,column_5,MLB_67+column_5,False,name,6,name
MLB_67,column_9,MLB_67+column_9,False,team,38,team
MLB_67,column_22,MLB_67+column_22,False,year,16,year
MLB_68,column_1,MLB_68+column_1,False,description,33,None
MLB_68,column_2,MLB_68+column_2,False,team,38,team
MLB_68,column_5,MLB_68+column_5,False,type,49,None
MLB_68,column_6,MLB_68+column_6,False,name,6,name
MLB_68,column_8,MLB_68+column_8,False,day,7,day
MLB_68,column_11,MLB_68+column_11,False,day,140,day
MLB_68,column_12,MLB_68+column_12,False,team,38,team
MLB_68,column_22,MLB_68+column_22,False,name,6,name
MLB_68,column_27,MLB_68+column_27,False,year,16,year
MLB_7,column_27,MLB_7+column_27,False,name,6,name
MLB_7,column_37,MLB_7+column_37,False,year,16,year
MLB_8,column_29,MLB_8+column_29,False,team,13,team
MLB_8,column_37,MLB_8+column_37,False,year,16,year
MLB_9,column_27,MLB_9+column_27,False,name,6,name
MLB_9,column_29,MLB_9+column_29,False,team,13,team
NYC_1,column_0,NYC_1+column_0,False,type,125,None
NYC_1,column_1,NYC_1+column_1,False,name,100,None
NYC_1,column_7,NYC_1+column_7,False,city,94,None
NYC_1,column_10,NYC_1+column_10,False,type,81,None
NYC_1,column_16,NYC_1+column_16,False,type,5,address
NYC_1,column_18,NYC_1+column_18,False,name,5,address
NYC_1,column_19,NYC_1+column_19,False,name,5,address
NYC_1,column_20,NYC_1+column_20,False,address,106,None
NYC_1,column_26,NYC_1+column_26,False,type,67,None
NYC_1,column_31,NYC_1+column_31,False,name,167,None
NYC_1,column_33,NYC_1+column_33,False,description,51,None
NYC_1,column_35,NYC_1+column_35,False,address,167,None
NYC_1,column_37,NYC_1+column_37,False,code,167,None
NYC_1,column_38,NYC_1+column_38,False,name,167,None
NYC_1,column_42,NYC_1+column_42,False,region,167,None
NYC_1,column_43,NYC_1+column_43,False,state,167,None
NYC_2,column_0,NYC_2+column_0,False,type,125,None
NYC_2,column_1,NYC_2+column_1,False,name,100,None
NYC_2,column_5,NYC_2+column_5,False,name,5,address
NYC_2,column_7,NYC_2+column_7,False,city,94,None
NYC_2,column_10,NYC_2+column_10,False,type,81,None
NYC_2,column_16,NYC_2+column_16,False,type,5,address
NYC_2,column_20,NYC_2+column_20,False,address,106,None
NYC_2,column_26,NYC_2+column_26,False,type,67,None
NYC_2,column_27,NYC_2+column_27,False,location,160,None
NYC_2,column_31,NYC_2+column_31,False,name,167,None
NYC_2,column_33,NYC_2+column_33,False,description,51,None
NYC_2,column_35,NYC_2+column_35,False,address,167,None
NYC_2,column_36,NYC_2+column_36,False,city,167,None
NYC_2,column_37,NYC_2+column_37,False,code,167,None
NYC_2,column_38,NYC_2+column_38,False,name,167,None
NYC_2,column_42,NYC_2+column_42,False,region,167,None
PanCreactomy1_1,column_5,PanCreactomy1_1+column_5,False,code,46,None
PanCreactomy1_1,column_12,PanCreactomy1_1+column_12,False,code,199,code
PanCreactomy1_1,column_14,PanCreactomy1_1+column_14,False,country,92,country
PanCreactomy1_1,column_15,PanCreactomy1_1+column_15,False,name,72,None
PanCreactomy1_1,column_16,PanCreactomy1_1+column_16,False,gender,82,gender
PanCreactomy1_1,column_17,PanCreactomy1_1+column_17,False,name,22,name
PanCreactomy1_1,column_19,PanCreactomy1_1+column_19,False,state,26,state
PanCreactomy1_1,column_25,PanCreactomy1_1+column_25,False,type,107,type
PanCreactomy2_1,column_6,PanCreactomy2_1+column_6,False,description,18,None
PanCreactomy2_1,column_12,PanCreactomy2_1+column_12,False,code,199,code
PanCreactomy2_1,column_15,PanCreactomy2_1+column_15,False,name,72,None
PanCreactomy2_1,column_16,PanCreactomy2_1+column_16,False,gender,82,gender
PanCreactomy2_1,column_17,PanCreactomy2_1+column_17,False,name,22,name
PanCreactomy2_1,column_19,PanCreactomy2_1+column_19,False,state,26,state
PanCreactomy2_1,column_25,PanCreactomy2_1+column_25,False,type,107,type
PanCreactomy2_2,column_5,PanCreactomy2_2+column_5,False,code,46,None
PanCreactomy2_2,column_6,PanCreactomy2_2+column_6,False,description,18,None
PanCreactomy2_2,column_12,PanCreactomy2_2+column_12,False,code,199,code
PanCreactomy2_2,column_14,PanCreactomy2_2+column_14,False,country,92,country
PanCreactomy2_2,column_15,PanCreactomy2_2+column_15,False,name,72,None
PanCreactomy2_2,column_16,PanCreactomy2_2+column_16,False,gender,82,gender
PanCreactomy2_2,column_17,PanCreactomy2_2+column_17,False,name,22,name
PanCreactomy2_2,column_25,PanCreactomy2_2+column_25,False,type,107,type
Physicians_1,column_6,Physicians_1+column_6,False,code,46,None
Physicians_1,column_7,Physicians_1+column_7,False,description,58,description
Physicians_1,column_12,Physicians_1+column_12,False,code,199,code
Physicians_1,column_13,Physicians_1+column_13,False,city,150,city
Physicians_1,column_14,Physicians_1+column_14,False,country,92,country
Physicians_1,column_15,Physicians_1+column_15,False,name,72,None
Physicians_1,column_16,Physicians_1+column_16,False,gender,82,gender
Physicians_1,column_17,Physicians_1+column_17,False,name,22,name
Physicians_1,column_19,Physicians_1+column_19,False,state,26,state
Physicians_1,column_24,Physicians_1+column_24,False,type,107,type
Provider_1,column_7,Provider_1+column_7,False,description,58,description
Provider_1,column_12,Provider_1+column_12,False,code,199,code
Provider_1,column_13,Provider_1+column_13,False,city,150,city
Provider_1,column_14,Provider_1+column_14,False,country,92,country
Provider_1,column_15,Provider_1+column_15,False,name,72,None
Provider_1,column_16,Provider_1+column_16,False,gender,82,gender
Provider_1,column_17,Provider_1+column_17,False,name,22,name
Provider_1,column_19,Provider_1+column_19,False,state,26,state
Provider_1,column_24,Provider_1+column_24,False,type,107,type
Provider_2,column_7,Provider_2+column_7,False,description,58,description
Provider_2,column_12,Provider_2+column_12,False,code,199,code
Provider_2,column_13,Provider_2+column_13,False,city,150,city
Provider_2,column_14,Provider_2+column_14,False,country,92,country
Provider_2,column_16,Provider_2+column_16,False,gender,82,gender
Provider_2,column_17,Provider_2+column_17,False,name,22,name
Provider_2,column_19,Provider_2+column_19,False,state,26,state
Provider_2,column_24,Provider_2+column_24,False,type,107,type
Provider_3,column_6,Provider_3+column_6,False,code,230,None
Provider_3,column_7,Provider_3+column_7,False,description,58,description
Provider_3,column_12,Provider_3+column_12,False,code,199,code
Provider_3,column_13,Provider_3+column_13,False,city,150,city
Provider_3,column_14,Provider_3+column_14,False,country,92,country
Provider_3,column_16,Provider_3+column_16,False,gender,82,gender
Provider_3,column_17,Provider_3+column_17,False,name,22,name
Provider_3,column_24,Provider_3+column_24,False,type,107,type
Provider_4,column_6,Provider_4+column_6,False,code,230,None
Provider_4,column_7,Provider_4+column_7,False,description,58,description
Provider_4,column_12,Provider_4+column_12,False,code,199,code
Provider_4,column_13,Provider_4+column_13,False,city,150,city
Provider_4,column_14,Provider_4+column_14,False,country,92,country
Provider_4,column_15,Provider_4+column_15,False,name,72,None
Provider_4,column_17,Provider_4+column_17,False,name,22,name
Provider_4,column_24,Provider_4+column_24,False,type,107,type
Provider_5,column_6,Provider_5+column_6,False,code,230,None
Provider_5,column_7,Provider_5+column_7,False,description,58,description
Provider_5,column_12,Provider_5+column_12,False,code,199,code
Provider_5,column_13,Provider_5+column_13,False,city,150,city
Provider_5,column_15,Provider_5+column_15,False,name,72,None
Provider_5,column_19,Provider_5+column_19,False,state,26,state
Provider_5,column_24,Provider_5+column_24,False,type,107,type
Provider_6,column_6,Provider_6+column_6,False,code,230,None
Provider_6,column_7,Provider_6+column_7,False,description,58,description
Provider_6,column_12,Provider_6+column_12,False,code,199,code
Provider_6,column_15,Provider_6+column_15,False,name,72,None
Provider_6,column_17,Provider_6+column_17,False,name,22,name
Provider_6,column_19,Provider_6+column_19,False,state,26,state
Provider_7,column_6,Provider_7+column_6,False,code,230,None
Provider_7,column_12,Provider_7+column_12,False,code,199,code
Provider_7,column_13,Provider_7+column_13,False,city,150,city
Provider_7,column_15,Provider_7+column_15,False,name,72,None
Provider_7,column_16,Provider_7+column_16,False,gender,82,gender
Provider_7,column_24,Provider_7+column_24,False,type,107,type
Provider_8,column_6,Provider_8+column_6,False,code,230,None
Provider_8,column_7,Provider_8+column_7,False,description,58,description
Provider_8,column_13,Provider_8+column_13,False,city,150,city
Provider_8,column_15,Provider_8+column_15,False,name,72,None
Provider_8,column_17,Provider_8+column_17,False,name,22,name
Provider_8,column_19,Provider_8+column_19,False,state,26,state
Provider_8,column_24,Provider_8+column_24,False,type,107,type
RealEstate1_1,column_0,RealEstate1_1+column_0,False,address,35,address
RealEstate1_1,column_1,RealEstate1_1+column_1,False,address,5,address
RealEstate1_1,column_7,RealEstate1_1+column_7,False,location,142,None
RealEstate1_1,column_11,RealEstate1_1+column_11,False,code,130,code
RealEstate1_1,column_13,RealEstate1_1+column_13,False,code,146,None
RealEstate1_1,column_14,RealEstate1_1+column_14,False,code,116,None
RealEstate1_1,column_16,RealEstate1_1+column_16,False,type,45,None
RealEstate1_1,column_18,RealEstate1_1+column_18,False,city,228,city
RealEstate1_1,column_26,RealEstate1_1+column_26,False,year,239,None
RealEstate1_2,column_1,RealEstate1_2+column_1,False,address,5,address
RealEstate1_2,column_2,RealEstate1_2+column_2,False,county,60,county
RealEstate1_2,column_5,RealEstate1_2+column_5,False,duration,123,None
RealEstate1_2,column_11,RealEstate1_2+column_11,False,code,130,code
RealEstate1_2,column_12,RealEstate1_2+column_12,False,region,8,region
RealEstate1_2,column_14,RealEstate1_2+column_14,False,code,116,None
RealEstate1_2,column_16,RealEstate1_2+column_16,False,type,45,None
RealEstate1_2,column_18,RealEstate1_2+column_18,False,city,228,city
RealEstate2_1,column_0,RealEstate2_1+column_0,False,address,35,address
RealEstate2_1,column_1,RealEstate2_1+column_1,False,address,5,address
RealEstate2_1,column_6,RealEstate2_1+column_6,False,duration,137,None
RealEstate2_1,column_8,RealEstate2_1+column_8,False,location,113,location
RealEstate2_1,column_12,RealEstate2_1+column_12,False,code,116,None
RealEstate2_1,column_14,RealEstate2_1+column_14,False,region,8,region
RealEstate2_1,column_15,RealEstate2_1+column_15,False,code,146,None
RealEstate2_1,column_18,RealEstate2_1+column_18,False,type,141,None
RealEstate2_1,column_26,RealEstate2_1+column_26,False,city,97,None
RealEstate2_2,column_2,RealEstate2_2+column_2,False,county,60,county
RealEstate2_2,column_6,RealEstate2_2+column_6,False,duration,137,None
RealEstate2_2,column_12,RealEstate2_2+column_12,False,code,116,None
RealEstate2_2,column_13,RealEstate2_2+column_13,False,code,130,code
RealEstate2_2,column_14,RealEstate2_2+column_14,False,region,8,region
RealEstate2_2,column_15,RealEstate2_2+column_15,False,code,146,None
RealEstate2_2,column_17,RealEstate2_2+column_17,False,type,139,type
RealEstate2_2,column_18,RealEstate2_2+column_18,False,type,141,None
RealEstate2_2,column_20,RealEstate2_2+column_20,False,city,228,city
RealEstate2_2,column_26,RealEstate2_2+column_26,False,city,97,None
RealEstate2_3,column_1,RealEstate2_3+column_1,False,address,5,address
RealEstate2_3,column_2,RealEstate2_3+column_2,False,county,60,county
RealEstate2_3,column_6,RealEstate2_3+column_6,False,duration,137,None
RealEstate2_3,column_8,RealEstate2_3+column_8,False,location,113,location
RealEstate2_3,column_12,RealEstate2_3+column_12,False,code,116,None
RealEstate2_3,column_13,RealEstate2_3+column_13,False,code,130,code
RealEstate2_3,column_14,RealEstate2_3+column_14,False,region,8,region
RealEstate2_3,column_17,RealEstate2_3+column_17,False,type,139,type
RealEstate2_3,column_18,RealEstate2_3+column_18,False,type,141,None
RealEstate2_3,column_20,RealEstate2_3+column_20,False,city,228,city
RealEstate2_3,column_26,RealEstate2_3+column_26,False,city,97,None
RealEstate2_4,column_2,RealEstate2_4+column_2,False,county,60,county
RealEstate2_4,column_12,RealEstate2_4+column_12,False,code,116,None
RealEstate2_4,column_13,RealEstate2_4+column_13,False,code,130,code
RealEstate2_4,column_14,RealEstate2_4+column_14,False,region,8,region
RealEstate2_4,column_15,RealEstate2_4+column_15,False,code,146,None
RealEstate2_4,column_17,RealEstate2_4+column_17,False,type,139,type
RealEstate2_4,column_18,RealEstate2_4+column_18,False,type,141,None
RealEstate2_5,column_0,RealEstate2_5+column_0,False,address,35,address
RealEstate2_5,column_2,RealEstate2_5+column_2,False,county,60,county
RealEstate2_5,column_6,RealEstate2_5+column_6,False,duration,137,None
RealEstate2_5,column_8,RealEstate2_5+column_8,False,location,113,location
RealEstate2_5,column_13,RealEstate2_5+column_13,False,code,130,code
RealEstate2_5,column_14,RealEstate2_5+column_14,False,region,8,region
RealEstate2_5,column_15,RealEstate2_5+column_15,False,code,146,None
RealEstate2_5,column_17,RealEstate2_5+column_17,False,type,139,type
RealEstate2_5,column_18,RealEstate2_5+column_18,False,type,141,None
RealEstate2_5,column_20,RealEstate2_5+column_20,False,city,228,city
RealEstate2_5,column_26,RealEstate2_5+column_26,False,city,97,None
RealEstate2_6,column_0,RealEstate2_6+column_0,False,address,35,address
RealEstate2_6,column_1,RealEstate2_6+column_1,False,address,5,address
RealEstate2_6,column_6,RealEstate2_6+column_6,False,duration,137,None
RealEstate2_6,column_8,RealEstate2_6+column_8,False,location,113,location
RealEstate2_6,column_13,RealEstate2_6+column_13,False,code,130,code
RealEstate2_6,column_15,RealEstate2_6+column_15,False,code,146,None
RealEstate2_6,column_17,RealEstate2_6+column_17,False,type,139,type
RealEstate2_6,column_18,RealEstate2_6+column_18,False,type,141,None
RealEstate2_7,column_0,RealEstate2_7+column_0,False,address,35,address
RealEstate2_7,column_6,RealEstate2_7+column_6,False,duration,137,None
RealEstate2_7,column_12,RealEstate2_7+column_12,False,code,116,None
RealEstate2_7,column_13,RealEstate2_7+column_13,False,code,130,code
RealEstate2_7,column_15,RealEstate2_7+column_15,False,code,146,None
RealEstate2_7,column_18,RealEstate2_7+column_18,False,type,141,None
RealEstate2_7,column_20,RealEstate2_7+column_20,False,city,228,city
RealEstate2_7,column_26,RealEstate2_7+column_26,False,city,97,None
Redfin1_1,column_4,Redfin1_1+column_4,False,city,69,None
Redfin1_1,column_35,Redfin1_1+column_35,False,type,77,None
Redfin1_1,column_36,Redfin1_1+column_36,False,region,115,region
Redfin1_1,column_37,Redfin1_1+column_37,False,type,40,type
Redfin1_1,column_41,Redfin1_1+column_41,False,state,54,None
Redfin1_1,column_42,Redfin1_1+column_42,False,code,26,state
Redfin1_2,column_4,Redfin1_2+column_4,False,city,69,None
Redfin1_2,column_41,Redfin1_2+column_41,False,state,54,None
Redfin1_3,column_4,Redfin1_3+column_4,False,city,69,None
Redfin1_3,column_30,Redfin1_3+column_30,False,duration,84,duration
Redfin1_3,column_35,Redfin1_3+column_35,False,type,77,None
Redfin1_3,column_42,Redfin1_3+column_42,False,code,26,state
Redfin1_4,column_4,Redfin1_4+column_4,False,city,69,None
Redfin1_4,column_36,Redfin1_4+column_36,False,region,115,region
Redfin1_4,column_42,Redfin1_4+column_42,False,code,26,state
Redfin2_1,column_37,Redfin2_1+column_37,False,type,40,type
Redfin2_1,column_41,Redfin2_1+column_41,False,state,54,None
Redfin2_1,column_42,Redfin2_1+column_42,False,code,26,state
Redfin2_2,column_4,Redfin2_2+column_4,False,city,69,None
Redfin2_2,column_30,Redfin2_2+column_30,False,duration,84,duration
Redfin2_2,column_35,Redfin2_2+column_35,False,type,77,None
Redfin2_2,column_36,Redfin2_2+column_36,False,region,115,region
Redfin2_2,column_37,Redfin2_2+column_37,False,type,40,type
Redfin2_2,column_41,Redfin2_2+column_41,False,state,54,None
Redfin2_2,column_42,Redfin2_2+column_42,False,code,26,state
Redfin2_3,column_4,Redfin2_3+column_4,False,city,69,None
Redfin2_3,column_30,Redfin2_3+column_30,False,duration,84,duration
Redfin2_3,column_37,Redfin2_3+column_37,False,type,40,type
Redfin2_3,column_41,Redfin2_3+column_41,False,state,54,None
Redfin2_3,column_42,Redfin2_3+column_42,False,code,26,state
Redfin3_1,column_4,Redfin3_1+column_4,False,city,69,None
Redfin3_1,column_33,Redfin3_1+column_33,False,duration,84,duration
Redfin3_1,column_38,Redfin3_1+column_38,False,type,77,None
Redfin3_1,column_40,Redfin3_1+column_40,False,type,40,type
Redfin3_1,column_44,Redfin3_1+column_44,False,state,54,None
Redfin3_1,column_45,Redfin3_1+column_45,False,code,26,state
Redfin3_2,column_4,Redfin3_2+column_4,False,city,69,None
Redfin3_2,column_40,Redfin3_2+column_40,False,type,40,type
Redfin3_2,column_45,Redfin3_2+column_45,False,code,26,state
Redfin4_1,column_39,Redfin4_1+column_39,False,type,77,None
Redfin4_1,column_40,Redfin4_1+column_40,False,region,115,region
Redfin4_1,column_45,Redfin4_1+column_45,False,state,54,None
Romance_2,column_8,Romance_2+column_8,False,location,5,address
Taxpayer_1,column_6,Taxpayer_1+column_6,False,code,230,None
Taxpayer_1,column_7,Taxpayer_1+column_7,False,description,58,description
Taxpayer_1,column_12,Taxpayer_1+column_12,False,code,199,code
Taxpayer_1,column_13,Taxpayer_1+column_13,False,city,150,city
Taxpayer_1,column_14,Taxpayer_1+column_14,False,country,92,country
Taxpayer_1,column_15,Taxpayer_1+column_15,False,name,72,None
Taxpayer_1,column_24,Taxpayer_1+column_24,False,type,107,type
Taxpayer_10,column_7,Taxpayer_10+column_7,False,description,58,description
Taxpayer_10,column_12,Taxpayer_10+column_12,False,code,199,code
Taxpayer_10,column_16,Taxpayer_10+column_16,False,gender,82,gender
Taxpayer_10,column_17,Taxpayer_10+column_17,False,name,22,name
Taxpayer_10,column_19,Taxpayer_10+column_19,False,state,26,state
Taxpayer_10,column_24,Taxpayer_10+column_24,False,type,107,type
Taxpayer_2,column_6,Taxpayer_2+column_6,False,code,230,None
Taxpayer_2,column_7,Taxpayer_2+column_7,False,description,58,description
Taxpayer_2,column_12,Taxpayer_2+column_12,False,code,199,code
Taxpayer_2,column_13,Taxpayer_2+column_13,False,city,150,city
Taxpayer_2,column_14,Taxpayer_2+column_14,False,country,92,country
Taxpayer_2,column_16,Taxpayer_2+column_16,False,gender,82,gender
Taxpayer_2,column_17,Taxpayer_2+column_17,False,name,22,name
Taxpayer_2,column_19,Taxpayer_2+column_19,False,state,26,state
Taxpayer_2,column_24,Taxpayer_2+column_24,False,type,107,type
Taxpayer_3,column_6,Taxpayer_3+column_6,False,code,230,None
Taxpayer_3,column_12,Taxpayer_3+column_12,False,code,199,code
Taxpayer_3,column_13,Taxpayer_3+column_13,False,city,150,city
Taxpayer_3,column_15,Taxpayer_3+column_15,False,name,72,None
Taxpayer_3,column_16,Taxpayer_3+column_16,False,gender,82,gender
Taxpayer_3,column_17,Taxpayer_3+column_17,False,name,22,name
Taxpayer_3,column_24,Taxpayer_3+column_24,False,type,107,type
Taxpayer_4,column_6,Taxpayer_4+column_6,False,code,230,None
Taxpayer_4,column_7,Taxpayer_4+column_7,False,description,58,description
Taxpayer_4,column_14,Taxpayer_4+column_14,False,country,92,country
Taxpayer_4,column_15,Taxpayer_4+column_15,False,name,72,None
Taxpayer_4,column_16,Taxpayer_4+column_16,False,gender,82,gender
Taxpayer_4,column_24,Taxpayer_4+column_24,False,type,107,type
Taxpayer_5,column_6,Taxpayer_5+column_6,False,code,230,None
Taxpayer_5,column_12,Taxpayer_5+column_12,False,code,199,code
Taxpayer_5,column_14,Taxpayer_5+column_14,False,country,92,country
Taxpayer_5,column_16,Taxpayer_5+column_16,False,gender,82,gender
Taxpayer_5,column_17,Taxpayer_5+column_17,False,name,22,name
Taxpayer_5,column_19,Taxpayer_5+column_19,False,state,26,state
Taxpayer_6,column_7,Taxpayer_6+column_7,False,description,58,description
Taxpayer_6,column_14,Taxpayer_6+column_14,False,country,92,country
Taxpayer_6,column_15,Taxpayer_6+column_15,False,name,72,None
Taxpayer_6,column_17,Taxpayer_6+column_17,False,name,22,name
Taxpayer_6,column_19,Taxpayer_6+column_19,False,state,26,state
Taxpayer_6,column_24,Taxpayer_6+column_24,False,type,107,type
Taxpayer_7,column_6,Taxpayer_7+column_6,False,code,230,None
Taxpayer_7,column_12,Taxpayer_7+column_12,False,code,199,code
Taxpayer_7,column_13,Taxpayer_7+column_13,False,city,150,city
Taxpayer_7,column_14,Taxpayer_7+column_14,False,country,92,country
Taxpayer_7,column_15,Taxpayer_7+column_15,False,name,72,None
Taxpayer_7,column_17,Taxpayer_7+column_17,False,name,22,name
Taxpayer_7,column_19,Taxpayer_7+column_19,False,state,26,state
Taxpayer_7,column_24,Taxpayer_7+column_24,False,type,107,type
Taxpayer_8,column_6,Taxpayer_8+column_6,False,code,230,None
Taxpayer_8,column_7,Taxpayer_8+column_7,False,description,58,description
Taxpayer_8,column_13,Taxpayer_8+column_13,False,city,150,city
Taxpayer_8,column_14,Taxpayer_8+column_14,False,country,92,country
Taxpayer_8,column_15,Taxpayer_8+column_15,False,name,72,None
Taxpayer_8,column_16,Taxpayer_8+column_16,False,gender,82,gender
Taxpayer_8,column_19,Taxpayer_8+column_19,False,state,26,state
Taxpayer_8,column_24,Taxpayer_8+column_24,False,type,107,type
Taxpayer_9,column_6,Taxpayer_9+column_6,False,code,230,None
Taxpayer_9,column_7,Taxpayer_9+column_7,False,description,58,description
Taxpayer_9,column_12,Taxpayer_9+column_12,False,code,199,code
Taxpayer_9,column_13,Taxpayer_9+column_13,False,city,150,city
Taxpayer_9,column_14,Taxpayer_9+column_14,False,country,92,country
Taxpayer_9,column_15,Taxpayer_9+column_15,False,name,72,None
Taxpayer_9,column_16,Taxpayer_9+column_16,False,gender,82,gender
Taxpayer_9,column_17,Taxpayer_9+column_17,False,name,22,name
Taxpayer_9,column_19,Taxpayer_9+column_19,False,state,26,state
Taxpayer_9,column_24,Taxpayer_9+column_24,False,type,107,type
TrainsUK1_2,column_5,TrainsUK1_2+column_5,False,code,70,None
TrainsUK1_2,column_11,TrainsUK1_2+column_11,False,location,34,location
TrainsUK1_2,column_12,TrainsUK1_2+column_12,False,location,34,location
TrainsUK1_2,column_16,TrainsUK1_2+column_16,False,location,30,location
TrainsUK1_2,column_17,TrainsUK1_2+column_17,False,location,90,None
TrainsUK1_2,column_23,TrainsUK1_2+column_23,False,description,63,None
TrainsUK1_3,column_5,TrainsUK1_3+column_5,False,code,70,None
TrainsUK1_3,column_7,TrainsUK1_3+column_7,False,operator,61,operator
TrainsUK1_3,column_11,TrainsUK1_3+column_11,False,location,34,location
TrainsUK1_3,column_16,TrainsUK1_3+column_16,False,location,30,location
TrainsUK1_4,column_5,TrainsUK1_4+column_5,False,code,70,None
TrainsUK1_4,column_7,TrainsUK1_4+column_7,False,operator,61,operator
TrainsUK1_4,column_17,TrainsUK1_4+column_17,False,location,90,None
TrainsUK1_4,column_23,TrainsUK1_4+column_23,False,description,63,None
TrainsUK2_1,column_2,TrainsUK2_1+column_2,False,year,76,None
TrainsUK2_1,column_7,TrainsUK2_1+column_7,False,city,34,location
TrainsUK2_1,column_10,TrainsUK2_1+column_10,False,city,34,location
TrainsUK2_1,column_16,TrainsUK2_1+column_16,False,code,80,None
TrainsUK2_1,column_17,TrainsUK2_1+column_17,False,description,177,None
TrainsUK2_2,column_2,TrainsUK2_2+column_2,False,year,76,None
TrainsUK2_2,column_7,TrainsUK2_2+column_7,False,city,34,location
TrainsUK2_2,column_10,TrainsUK2_2+column_10,False,city,34,location
TrainsUK2_2,column_16,TrainsUK2_2+column_16,False,code,80,None
Wins_1,column_230,Wins_1+column_230,False,class,161,None
Wins_1,column_233,Wins_1+column_233,False,name,11,None
Wins_1,column_234,Wins_1+column_234,False,name,56,None
Wins_1,column_237,Wins_1+column_237,False,name,135,None
Wins_2,column_584,Wins_2+column_584,False,class,64,class
Wins_2,column_593,Wins_2+column_593,False,name,20,None
Wins_2,column_595,Wins_2+column_595,False,name,11,None
Wins_2,column_596,Wins_2+column_596,False,name,56,None
Wins_2,column_597,Wins_2+column_597,False,class,39,class
Wins_3,column_593,Wins_3+column_593,False,name,20,None
Wins_3,column_594,Wins_3+column_594,False,name,12,name
Wins_3,column_595,Wins_3+column_595,False,name,11,None
Wins_3,column_596,Wins_3+column_596,False,name,56,None
Wins_4,column_584,Wins_4+column_584,False,class,64,class
Wins_4,column_593,Wins_4+column_593,False,name,20,None
Wins_4,column_594,Wins_4+column_594,False,name,12,name
Wins_4,column_596,Wins_4+column_596,False,name,56,None
YaleLanguages_1,column_3,YaleLanguages_1+column_3,False,type,36,None
YaleLanguages_1,column_7,YaleLanguages_1+column_7,False,class,4,None
YaleLanguages_1,column_9,YaleLanguages_1+column_9,False,year,73,None
YaleLanguages_1,column_20,YaleLanguages_1+column_20,False,code,19,None
YaleLanguages_1,column_24,YaleLanguages_1+column_24,False,name,32,None
YaleLanguages_1,column_25,YaleLanguages_1+column_25,False,type,43,None
YaleLanguages_1,column_26,YaleLanguages_1+column_26,False,code,129,None
YaleLanguages_2,column_0,YaleLanguages_2+column_0,False,year,73,None
YaleLanguages_2,column_3,YaleLanguages_2+column_3,False,type,36,None
YaleLanguages_2,column_7,YaleLanguages_2+column_7,False,class,4,None
YaleLanguages_2,column_8,YaleLanguages_2+column_8,False,class,21,class
YaleLanguages_2,column_9,YaleLanguages_2+column_9,False,year,73,None
YaleLanguages_2,column_11,YaleLanguages_2+column_11,False,range,114,range
YaleLanguages_2,column_20,YaleLanguages_2+column_20,False,code,19,None
YaleLanguages_2,column_21,YaleLanguages_2+column_21,False,description,32,None
YaleLanguages_2,column_25,YaleLanguages_2+column_25,False,type,43,None
YaleLanguages_3,column_0,YaleLanguages_3+column_0,False,year,73,None
YaleLanguages_3,column_1,YaleLanguages_3+column_1,False,format,44,format
YaleLanguages_3,column_3,YaleLanguages_3+column_3,False,type,36,None
YaleLanguages_3,column_5,YaleLanguages_3+column_5,False,class,117,None
YaleLanguages_3,column_6,YaleLanguages_3+column_6,False,class,55,None
YaleLanguages_3,column_7,YaleLanguages_3+column_7,False,class,4,None
YaleLanguages_3,column_8,YaleLanguages_3+column_8,False,class,198,None
YaleLanguages_3,column_9,YaleLanguages_3+column_9,False,year,73,None
YaleLanguages_3,column_20,YaleLanguages_3+column_20,False,code,19,None
YaleLanguages_3,column_21,YaleLanguages_3+column_21,False,description,32,None
YaleLanguages_3,column_24,YaleLanguages_3+column_24,False,name,32,None
YaleLanguages_3,column_26,YaleLanguages_3+column_26,False,code,78,None
YaleLanguages_4,column_0,YaleLanguages_4+column_0,False,year,73,None
YaleLanguages_4,column_3,YaleLanguages_4+column_3,False,type,36,None
YaleLanguages_4,column_5,YaleLanguages_4+column_5,False,class,23,class
YaleLanguages_4,column_6,YaleLanguages_4+column_6,False,class,55,None
YaleLanguages_4,column_8,YaleLanguages_4+column_8,False,class,31,None
YaleLanguages_4,column_20,YaleLanguages_4+column_20,False,code,19,None
YaleLanguages_4,column_24,YaleLanguages_4+column_24,False,name,32,None
YaleLanguages_4,column_25,YaleLanguages_4+column_25,False,type,43,None
YaleLanguages_4,column_26,YaleLanguages_4+column_26,False,code,232,None
YaleLanguages_5,column_0,YaleLanguages_5+column_0,False,year,73,None
YaleLanguages_5,column_3,YaleLanguages_5+column_3,False,type,36,None
YaleLanguages_5,column_5,YaleLanguages_5+column_5,False,class,23,class
YaleLanguages_5,column_6,YaleLanguages_5+column_6,False,class,55,None
YaleLanguages_5,column_7,YaleLanguages_5+column_7,False,class,85,None
YaleLanguages_5,column_8,YaleLanguages_5+column_8,False,class,31,None
YaleLanguages_5,column_9,YaleLanguages_5+column_9,False,year,73,None
YaleLanguages_5,column_10,YaleLanguages_5+column_10,False,range,99,range
YaleLanguages_5,column_20,YaleLanguages_5+column_20,False,code,19,None
YaleLanguages_5,column_21,YaleLanguages_5+column_21,False,description,32,None
YaleLanguages_5,column_24,YaleLanguages_5+column_24,False,name,32,None
YaleLanguages_5,column_25,YaleLanguages_5+column_25,False,type,43,None
YaleLanguages_5,column_26,YaleLanguages_5+column_26,False,code,232,None
MLB_57,column_22,MLB_57+column_22,False,year,16,year
MLB_52,column_15,MLB_52+column_15,False,year,16,year
